﻿Manufacture|Type|SubType|Width|Height|Depth|Power|nValue
Vasco Tulipa|DESIGN|T1|540|400|100|332|1.36
Vasco Tulipa|DESIGN|T1|630|400|100|387|1.36
Vasco Tulipa|DESIGN|T1|720|400|100|442|1.36
Vasco Tulipa|DESIGN|T1|810|400|100|497|1.36
Vasco Tulipa|DESIGN|T1|900|400|100|553|1.36
Vasco Tulipa|DESIGN|T1|990|400|100|608|1.36
Vasco Tulipa|DESIGN|T1|1080|400|100|663|1.36
Vasco Tulipa|DESIGN|T1|1170|400|100|718|1.36
Vasco Tulipa|DESIGN|T1|1260|400|100|774|1.36
Vasco Tulipa|DESIGN|T1|1350|400|100|829|1.36
Vasco Tulipa|DESIGN|T1|1440|400|100|884|1.36
Vasco Tulipa|DESIGN|T1|1530|400|100|939|1.36
Vasco Tulipa|DESIGN|T1|1620|400|100|995|1.36
Vasco Tulipa|DESIGN|T1|1710|400|100|1050|1.36
Vasco Tulipa|DESIGN|T1|1800|400|100|1105|1.36
Vasco Tulipa|DESIGN|T1|1890|400|100|1160|1.36
Vasco Tulipa|DESIGN|T1|1980|400|100|1216|1.36
Vasco Tulipa|DESIGN|T1|2070|400|100|1271|1.36
Vasco Tulipa|DESIGN|T1|2160|400|100|1326|1.36
Vasco Tulipa|DESIGN|T1|2340|400|100|1437|1.36
Vasco Tulipa|DESIGN|T1|2520|400|100|1547|1.36
Vasco Tulipa|DESIGN|T1|2700|400|100|1658|1.36
Vasco Tulipa|DESIGN|T1|2880|400|100|1768|1.36
Vasco Tulipa|DESIGN|T1|3060|400|100|1879|1.36
Vasco Tulipa|DESIGN|T1|3150|400|100|1934|1.36
Vasco Tulipa|DESIGN|T1|540|500|100|404|1.36
Vasco Tulipa|DESIGN|T1|630|500|100|471|1.36
Vasco Tulipa|DESIGN|T1|720|500|100|539|1.36
Vasco Tulipa|DESIGN|T1|810|500|100|606|1.36
Vasco Tulipa|DESIGN|T1|900|500|100|673|1.36
Vasco Tulipa|DESIGN|T1|990|500|100|741|1.36
Vasco Tulipa|DESIGN|T1|1080|500|100|808|1.36
Vasco Tulipa|DESIGN|T1|1170|500|100|875|1.36
Vasco Tulipa|DESIGN|T1|1260|500|100|943|1.36
Vasco Tulipa|DESIGN|T1|1350|500|100|1010|1.36
Vasco Tulipa|DESIGN|T1|1440|500|100|1078|1.36
Vasco Tulipa|DESIGN|T1|1530|500|100|1145|1.36
Vasco Tulipa|DESIGN|T1|1620|500|100|1212|1.36
Vasco Tulipa|DESIGN|T1|1710|500|100|1280|1.36
Vasco Tulipa|DESIGN|T1|1800|500|100|1347|1.36
Vasco Tulipa|DESIGN|T1|1890|500|100|1414|1.36
Vasco Tulipa|DESIGN|T1|1980|500|100|1482|1.36
Vasco Tulipa|DESIGN|T1|2070|500|100|1549|1.36
Vasco Tulipa|DESIGN|T1|2160|500|100|1616|1.36
Vasco Tulipa|DESIGN|T1|2340|500|100|1751|1.36
Vasco Tulipa|DESIGN|T1|2520|500|100|1886|1.36
Vasco Tulipa|DESIGN|T1|2700|500|100|2020|1.36
Vasco Tulipa|DESIGN|T1|2880|500|100|2155|1.36
Vasco Tulipa|DESIGN|T1|3060|500|100|2290|1.36
Vasco Tulipa|DESIGN|T1|3150|500|100|2357|1.36
Vasco Tulipa|DESIGN|T1|540|600|100|475|1.36
Vasco Tulipa|DESIGN|T1|630|600|100|554|1.36
Vasco Tulipa|DESIGN|T1|720|600|100|633|1.36
Vasco Tulipa|DESIGN|T1|810|600|100|712|1.36
Vasco Tulipa|DESIGN|T1|900|600|100|792|1.36
Vasco Tulipa|DESIGN|T1|990|600|100|871|1.36
Vasco Tulipa|DESIGN|T1|1080|600|100|950|1.36
Vasco Tulipa|DESIGN|T1|1170|600|100|1029|1.36
Vasco Tulipa|DESIGN|T1|1260|600|100|1108|1.36
Vasco Tulipa|DESIGN|T1|1350|600|100|1187|1.36
Vasco Tulipa|DESIGN|T1|1440|600|100|1267|1.36
Vasco Tulipa|DESIGN|T1|1530|600|100|1346|1.36
Vasco Tulipa|DESIGN|T1|1620|600|100|1425|1.36
Vasco Tulipa|DESIGN|T1|1710|600|100|1504|1.36
Vasco Tulipa|DESIGN|T1|1800|600|100|1583|1.36
Vasco Tulipa|DESIGN|T1|1890|600|100|1662|1.36
Vasco Tulipa|DESIGN|T1|1980|600|100|1742|1.36
Vasco Tulipa|DESIGN|T1|2070|600|100|1821|1.36
Vasco Tulipa|DESIGN|T1|2160|600|100|1900|1.36
Vasco Tulipa|DESIGN|T1|2340|600|100|2058|1.36
Vasco Tulipa|DESIGN|T1|2520|600|100|2217|1.36
Vasco Tulipa|DESIGN|T1|2700|600|100|2375|1.36
Vasco Tulipa|DESIGN|T1|2880|600|100|2533|1.36
Vasco Tulipa|DESIGN|T1|3060|600|100|2692|1.36
Vasco Tulipa|DESIGN|T1|3150|600|100|2771|1.36
Vasco Tulipa|DESIGN|T1|540|700|100|545|1.36
Vasco Tulipa|DESIGN|T1|630|700|100|635|1.36
Vasco Tulipa|DESIGN|T1|720|700|100|726|1.36
Vasco Tulipa|DESIGN|T1|810|700|100|817|1.36
Vasco Tulipa|DESIGN|T1|900|700|100|908|1.36
Vasco Tulipa|DESIGN|T1|990|700|100|998|1.36
Vasco Tulipa|DESIGN|T1|1080|700|100|1089|1.36
Vasco Tulipa|DESIGN|T1|1170|700|100|1180|1.36
Vasco Tulipa|DESIGN|T1|1260|700|100|1271|1.36
Vasco Tulipa|DESIGN|T1|1350|700|100|1361|1.36
Vasco Tulipa|DESIGN|T1|1440|700|100|1452|1.36
Vasco Tulipa|DESIGN|T1|1530|700|100|1543|1.36
Vasco Tulipa|DESIGN|T1|1620|700|100|1634|1.36
Vasco Tulipa|DESIGN|T1|1710|700|100|1725|1.36
Vasco Tulipa|DESIGN|T1|1800|700|100|1815|1.36
Vasco Tulipa|DESIGN|T1|1890|700|100|1906|1.36
Vasco Tulipa|DESIGN|T1|1980|700|100|1997|1.36
Vasco Tulipa|DESIGN|T1|2070|700|100|2088|1.36
Vasco Tulipa|DESIGN|T1|2160|700|100|2178|1.36
Vasco Tulipa|DESIGN|T1|2340|700|100|2360|1.36
Vasco Tulipa|DESIGN|T1|2520|700|100|2541|1.36
Vasco Tulipa|DESIGN|T1|2700|700|100|2723|1.36
Vasco Tulipa|DESIGN|T1|2880|700|100|2904|1.36
Vasco Tulipa|DESIGN|T1|3060|700|100|3086|1.36
Vasco Tulipa|DESIGN|T1|3150|700|100|3177|1.36
Vasco Tulipa|DESIGN|T1|540|800|100|613|1.36
Vasco Tulipa|DESIGN|T1|630|800|100|715|1.36
Vasco Tulipa|DESIGN|T1|720|800|100|817|1.36
Vasco Tulipa|DESIGN|T1|810|800|100|920|1.36
Vasco Tulipa|DESIGN|T1|900|800|100|1022|1.36
Vasco Tulipa|DESIGN|T1|990|800|100|1124|1.36
Vasco Tulipa|DESIGN|T1|1080|800|100|1226|1.36
Vasco Tulipa|DESIGN|T1|1170|800|100|1328|1.36
Vasco Tulipa|DESIGN|T1|1260|800|100|1430|1.36
Vasco Tulipa|DESIGN|T1|1350|800|100|1533|1.36
Vasco Tulipa|DESIGN|T1|1440|800|100|1635|1.36
Vasco Tulipa|DESIGN|T1|1530|800|100|1737|1.36
Vasco Tulipa|DESIGN|T1|1620|800|100|1839|1.36
Vasco Tulipa|DESIGN|T1|1710|800|100|1941|1.36
Vasco Tulipa|DESIGN|T1|1800|800|100|2044|1.36
Vasco Tulipa|DESIGN|T1|1890|800|100|2146|1.36
Vasco Tulipa|DESIGN|T1|1980|800|100|2248|1.36
Vasco Tulipa|DESIGN|T1|2070|800|100|2350|1.36
Vasco Tulipa|DESIGN|T1|2160|800|100|2452|1.36
Vasco Tulipa|DESIGN|T1|2340|800|100|2657|1.36
Vasco Tulipa|DESIGN|T1|2520|800|100|2861|1.36
Vasco Tulipa|DESIGN|T1|2700|800|100|3065|1.36
Vasco Tulipa|DESIGN|T1|2880|800|100|3270|1.36
Vasco Tulipa|DESIGN|T1|3060|800|100|3474|1.36
Vasco Tulipa|DESIGN|T1|3150|800|100|3576|1.36
Vasco Tulipa|DESIGN|T1|540|900|100|683|1.36
Vasco Tulipa|DESIGN|T1|630|900|100|796|1.36
Vasco Tulipa|DESIGN|T1|720|900|100|910|1.36
Vasco Tulipa|DESIGN|T1|810|900|100|1024|1.36
Vasco Tulipa|DESIGN|T1|900|900|100|1138|1.36
Vasco Tulipa|DESIGN|T1|990|900|100|1251|1.36
Vasco Tulipa|DESIGN|T1|1080|900|100|1365|1.36
Vasco Tulipa|DESIGN|T1|1170|900|100|1479|1.36
Vasco Tulipa|DESIGN|T1|1260|900|100|1593|1.36
Vasco Tulipa|DESIGN|T1|1350|900|100|1707|1.36
Vasco Tulipa|DESIGN|T1|1440|900|100|1820|1.36
Vasco Tulipa|DESIGN|T1|1530|900|100|1934|1.36
Vasco Tulipa|DESIGN|T1|1620|900|100|2048|1.36
Vasco Tulipa|DESIGN|T1|1710|900|100|2162|1.36
Vasco Tulipa|DESIGN|T1|1800|900|100|2275|1.36
Vasco Tulipa|DESIGN|T1|1890|900|100|2389|1.36
Vasco Tulipa|DESIGN|T1|1980|900|100|2503|1.36
Vasco Tulipa|DESIGN|T1|2070|900|100|2617|1.36
Vasco Tulipa|DESIGN|T1|2160|900|100|2731|1.36
Vasco Tulipa|DESIGN|T1|2340|900|100|2958|1.36
Vasco Tulipa|DESIGN|T1|2520|900|100|3186|1.36
Vasco Tulipa|DESIGN|T1|2700|900|100|3413|1.36
Vasco Tulipa|DESIGN|T1|2880|900|100|3641|1.36
Vasco Tulipa|DESIGN|T1|3060|900|100|3686|1.36
Vasco Tulipa|DESIGN|T1|3150|900|100|3982|1.36
Vasco Tulipa|DESIGN|T1|225|1000|100|314|1.36
Vasco Tulipa|DESIGN|T1|270|1000|100|377|1.36
Vasco Tulipa|DESIGN|T1|315|1000|100|439|1.36
Vasco Tulipa|DESIGN|T1|360|1000|100|502|1.36
Vasco Tulipa|DESIGN|T1|415|1000|100|565|1.36
Vasco Tulipa|DESIGN|T1|450|1000|100|628|1.36
Vasco Tulipa|DESIGN|T1|495|1000|100|690|1.36
Vasco Tulipa|DESIGN|T1|540|1000|100|753|1.36
Vasco Tulipa|DESIGN|T1|585|1000|100|816|1.36
Vasco Tulipa|DESIGN|T1|630|1000|100|879|1.36
Vasco Tulipa|DESIGN|T1|675|1000|100|941|1.36
Vasco Tulipa|DESIGN|T1|720|1000|100|1004|1.36
Vasco Tulipa|DESIGN|T1|765|1000|100|1067|1.36
Vasco Tulipa|DESIGN|T1|810|1000|100|1130|1.36
Vasco Tulipa|DESIGN|T1|855|1000|100|1192|1.36
Vasco Tulipa|DESIGN|T1|900|1000|100|1255|1.36
Vasco Tulipa|DESIGN|T1|990|1000|100|1381|1.36
Vasco Tulipa|DESIGN|T1|1080|1000|100|1506|1.36
Vasco Tulipa|DESIGN|T1|1170|1000|100|1632|1.36
Vasco Tulipa|DESIGN|T1|1260|1000|100|1757|1.36
Vasco Tulipa|DESIGN|T1|1350|1000|100|1883|1.36
Vasco Tulipa|DESIGN|T1|225|1200|100|372|1.36
Vasco Tulipa|DESIGN|T1|270|1200|100|446|1.36
Vasco Tulipa|DESIGN|T1|315|1200|100|521|1.36
Vasco Tulipa|DESIGN|T1|360|1200|100|595|1.36
Vasco Tulipa|DESIGN|T1|415|1200|100|669|1.36
Vasco Tulipa|DESIGN|T1|450|1200|100|744|1.36
Vasco Tulipa|DESIGN|T1|495|1200|100|818|1.36
Vasco Tulipa|DESIGN|T1|540|1200|100|892|1.36
Vasco Tulipa|DESIGN|T1|585|1200|100|967|1.36
Vasco Tulipa|DESIGN|T1|630|1200|100|1041|1.36
Vasco Tulipa|DESIGN|T1|675|1200|100|1115|1.36
Vasco Tulipa|DESIGN|T1|720|1200|100|1190|1.36
Vasco Tulipa|DESIGN|T1|765|1200|100|1264|1.36
Vasco Tulipa|DESIGN|T1|810|1200|100|1339|1.36
Vasco Tulipa|DESIGN|T1|855|1200|100|1413|1.36
Vasco Tulipa|DESIGN|T1|900|1200|100|1487|1.36
Vasco Tulipa|DESIGN|T1|990|1200|100|1636|1.36
Vasco Tulipa|DESIGN|T1|1080|1200|100|1785|1.36
Vasco Tulipa|DESIGN|T1|1170|1200|100|1933|1.36
Vasco Tulipa|DESIGN|T1|1260|1200|100|2082|1.36
Vasco Tulipa|DESIGN|T1|1350|1200|100|2231|1.36
Vasco Tulipa|DESIGN|T1|225|1400|100|430|1.36
Vasco Tulipa|DESIGN|T1|270|1400|100|515|1.36
Vasco Tulipa|DESIGN|T1|315|1400|100|601|1.36
Vasco Tulipa|DESIGN|T1|360|1400|100|687|1.36
Vasco Tulipa|DESIGN|T1|415|1400|100|773|1.36
Vasco Tulipa|DESIGN|T1|450|1400|100|859|1.36
Vasco Tulipa|DESIGN|T1|495|1400|100|945|1.36
Vasco Tulipa|DESIGN|T1|540|1400|100|1031|1.36
Vasco Tulipa|DESIGN|T1|585|1400|100|1117|1.36
Vasco Tulipa|DESIGN|T1|630|1400|100|1203|1.36
Vasco Tulipa|DESIGN|T1|675|1400|100|1289|1.36
Vasco Tulipa|DESIGN|T1|720|1400|100|1375|1.36
Vasco Tulipa|DESIGN|T1|765|1400|100|1461|1.36
Vasco Tulipa|DESIGN|T1|810|1400|100|1546|1.36
Vasco Tulipa|DESIGN|T1|855|1400|100|1632|1.36
Vasco Tulipa|DESIGN|T1|900|1400|100|1718|1.36
Vasco Tulipa|DESIGN|T1|990|1400|100|1890|1.36
Vasco Tulipa|DESIGN|T1|1080|1400|100|2062|1.36
Vasco Tulipa|DESIGN|T1|1170|1400|100|2234|1.36
Vasco Tulipa|DESIGN|T1|1260|1400|100|2406|1.36
Vasco Tulipa|DESIGN|T1|1350|1400|100|2577|1.36
Vasco Tulipa|DESIGN|T1|225|1600|100|488|1.36
Vasco Tulipa|DESIGN|T1|270|1600|100|585|1.36
Vasco Tulipa|DESIGN|T1|315|1600|100|683|1.36
Vasco Tulipa|DESIGN|T1|360|1600|100|780|1.36
Vasco Tulipa|DESIGN|T1|415|1600|100|878|1.36
Vasco Tulipa|DESIGN|T1|450|1600|100|975|1.36
Vasco Tulipa|DESIGN|T1|495|1600|100|1073|1.36
Vasco Tulipa|DESIGN|T1|540|1600|100|1170|1.36
Vasco Tulipa|DESIGN|T1|585|1600|100|1268|1.36
Vasco Tulipa|DESIGN|T1|630|1600|100|1366|1.36
Vasco Tulipa|DESIGN|T1|675|1600|100|1463|1.36
Vasco Tulipa|DESIGN|T1|720|1600|100|1561|1.36
Vasco Tulipa|DESIGN|T1|765|1600|100|1658|1.36
Vasco Tulipa|DESIGN|T1|810|1600|100|1756|1.36
Vasco Tulipa|DESIGN|T1|855|1600|100|1853|1.36
Vasco Tulipa|DESIGN|T1|900|1600|100|1951|1.36
Vasco Tulipa|DESIGN|T1|990|1600|100|2146|1.36
Vasco Tulipa|DESIGN|T1|1080|1600|100|2341|1.36
Vasco Tulipa|DESIGN|T1|1170|1600|100|2536|1.36
Vasco Tulipa|DESIGN|T1|1260|1600|100|2731|1.36
Vasco Tulipa|DESIGN|T1|1350|1600|100|2926|1.36
Vasco Tulipa|DESIGN|T1|225|1800|100|545|1.36
Vasco Tulipa|DESIGN|T1|270|1800|100|654|1.36
Vasco Tulipa|DESIGN|T1|315|1800|100|763|1.36
Vasco Tulipa|DESIGN|T1|360|1800|100|872|1.36
Vasco Tulipa|DESIGN|T1|415|1800|100|981|1.36
Vasco Tulipa|DESIGN|T1|450|1800|100|1090|1.36
Vasco Tulipa|DESIGN|T1|495|1800|100|1199|1.36
Vasco Tulipa|DESIGN|T1|540|1800|100|1308|1.36
Vasco Tulipa|DESIGN|T1|585|1800|100|1417|1.36
Vasco Tulipa|DESIGN|T1|630|1800|100|1526|1.36
Vasco Tulipa|DESIGN|T1|675|1800|100|1635|1.36
Vasco Tulipa|DESIGN|T1|720|1800|100|1744|1.36
Vasco Tulipa|DESIGN|T1|765|1800|100|1853|1.36
Vasco Tulipa|DESIGN|T1|810|1800|100|1962|1.36
Vasco Tulipa|DESIGN|T1|855|1800|100|2071|1.36
Vasco Tulipa|DESIGN|T1|900|1800|100|2180|1.36
Vasco Tulipa|DESIGN|T1|990|1800|100|2398|1.36
Vasco Tulipa|DESIGN|T1|1080|1800|100|2615|1.36
Vasco Tulipa|DESIGN|T1|1170|1800|100|2833|1.36
Vasco Tulipa|DESIGN|T1|1260|1800|100|3051|1.36
Vasco Tulipa|DESIGN|T1|1350|1800|100|3269|1.36
Vasco Tulipa|DESIGN|T1|225|1900|100|574|1.36
Vasco Tulipa|DESIGN|T1|270|1900|100|689|1.36
Vasco Tulipa|DESIGN|T1|315|1900|100|804|1.36
Vasco Tulipa|DESIGN|T1|360|1900|100|918|1.36
Vasco Tulipa|DESIGN|T1|415|1900|100|1033|1.36
Vasco Tulipa|DESIGN|T1|450|1900|100|1148|1.36
Vasco Tulipa|DESIGN|T1|495|1900|100|1263|1.36
Vasco Tulipa|DESIGN|T1|540|1900|100|1377|1.36
Vasco Tulipa|DESIGN|T1|585|1900|100|1492|1.36
Vasco Tulipa|DESIGN|T1|630|1900|100|1607|1.36
Vasco Tulipa|DESIGN|T1|675|1900|100|1722|1.36
Vasco Tulipa|DESIGN|T1|720|1900|100|1837|1.36
Vasco Tulipa|DESIGN|T1|765|1900|100|1951|1.36
Vasco Tulipa|DESIGN|T1|810|1900|100|2066|1.36
Vasco Tulipa|DESIGN|T1|855|1900|100|2181|1.36
Vasco Tulipa|DESIGN|T1|900|1900|100|2296|1.36
Vasco Tulipa|DESIGN|T1|990|1900|100|2525|1.36
Vasco Tulipa|DESIGN|T1|1080|1900|100|2755|1.36
Vasco Tulipa|DESIGN|T1|1170|1900|100|2985|1.36
Vasco Tulipa|DESIGN|T1|1260|1900|100|3214|1.36
Vasco Tulipa|DESIGN|T1|1350|1900|100|3444|1.36
Vasco Tulipa|DESIGN|T1|225|2000|100|603|1.36
Vasco Tulipa|DESIGN|T1|270|2000|100|724|1.36
Vasco Tulipa|DESIGN|T1|315|2000|100|844|1.36
Vasco Tulipa|DESIGN|T1|360|2000|100|965|1.36
Vasco Tulipa|DESIGN|T1|415|2000|100|1085|1.36
Vasco Tulipa|DESIGN|T1|450|2000|100|1206|1.36
Vasco Tulipa|DESIGN|T1|495|2000|100|1326|1.36
Vasco Tulipa|DESIGN|T1|540|2000|100|1447|1.36
Vasco Tulipa|DESIGN|T1|585|2000|100|1568|1.36
Vasco Tulipa|DESIGN|T1|630|2000|100|1688|1.36
Vasco Tulipa|DESIGN|T1|675|2000|100|1809|1.36
Vasco Tulipa|DESIGN|T1|720|2000|100|1929|1.36
Vasco Tulipa|DESIGN|T1|765|2000|100|2050|1.36
Vasco Tulipa|DESIGN|T1|810|2000|100|2171|1.36
Vasco Tulipa|DESIGN|T1|855|2000|100|2291|1.36
Vasco Tulipa|DESIGN|T1|900|2000|100|2412|1.36
Vasco Tulipa|DESIGN|T1|990|2000|100|2653|1.36
Vasco Tulipa|DESIGN|T1|1080|2000|100|2894|1.36
Vasco Tulipa|DESIGN|T1|1170|2000|100|3135|1.36
Vasco Tulipa|DESIGN|T1|1260|2000|100|3377|1.36
Vasco Tulipa|DESIGN|T1|1350|2000|100|3618|1.36
Vasco Tulipa|DESIGN|T1|225|2100|100|632|1.36
Vasco Tulipa|DESIGN|T1|270|2100|100|759|1.36
Vasco Tulipa|DESIGN|T1|315|2100|100|885|1.36
Vasco Tulipa|DESIGN|T1|360|2100|100|1012|1.36
Vasco Tulipa|DESIGN|T1|415|2100|100|1138|1.36
Vasco Tulipa|DESIGN|T1|450|2100|100|1264|1.36
Vasco Tulipa|DESIGN|T1|495|2100|100|1391|1.36
Vasco Tulipa|DESIGN|T1|540|2100|100|1517|1.36
Vasco Tulipa|DESIGN|T1|585|2100|100|1644|1.36
Vasco Tulipa|DESIGN|T1|630|2100|100|1770|1.36
Vasco Tulipa|DESIGN|T1|675|2100|100|1897|1.36
Vasco Tulipa|DESIGN|T1|720|2100|100|2023|1.36
Vasco Tulipa|DESIGN|T1|765|2100|100|2150|1.36
Vasco Tulipa|DESIGN|T1|810|2100|100|2276|1.36
Vasco Tulipa|DESIGN|T1|855|2100|100|2402|1.36
Vasco Tulipa|DESIGN|T1|900|2100|100|2529|1.36
Vasco Tulipa|DESIGN|T1|990|2100|100|2782|1.36
Vasco Tulipa|DESIGN|T1|1080|2100|100|3035|1.36
Vasco Tulipa|DESIGN|T1|1170|2100|100|3287|1.36
Vasco Tulipa|DESIGN|T1|1260|2100|100|3540|1.36
Vasco Tulipa|DESIGN|T1|1350|2100|100|3793|1.36
Vasco Tulipa|DESIGN|T1|225|2200|100|661|1.36
Vasco Tulipa|DESIGN|T1|270|2200|100|794|1.36
Vasco Tulipa|DESIGN|T1|315|2200|100|926|1.36
Vasco Tulipa|DESIGN|T1|360|2200|100|1058|1.36
Vasco Tulipa|DESIGN|T1|415|2200|100|1190|1.36
Vasco Tulipa|DESIGN|T1|450|2200|100|1323|1.36
Vasco Tulipa|DESIGN|T1|495|2200|100|1455|1.36
Vasco Tulipa|DESIGN|T1|540|2200|100|1587|1.36
Vasco Tulipa|DESIGN|T1|585|2200|100|1719|1.36
Vasco Tulipa|DESIGN|T1|630|2200|100|1852|1.36
Vasco Tulipa|DESIGN|T1|675|2200|100|1984|1.36
Vasco Tulipa|DESIGN|T1|720|2200|100|2116|1.36
Vasco Tulipa|DESIGN|T1|765|2200|100|2248|1.36
Vasco Tulipa|DESIGN|T1|810|2200|100|2381|1.36
Vasco Tulipa|DESIGN|T1|855|2200|100|2513|1.36
Vasco Tulipa|DESIGN|T1|900|2200|100|2645|1.36
Vasco Tulipa|DESIGN|T1|990|2200|100|2910|1.36
Vasco Tulipa|DESIGN|T1|1080|2200|100|3174|1.36
Vasco Tulipa|DESIGN|T1|1170|2200|100|3439|1.36
Vasco Tulipa|DESIGN|T1|1260|2200|100|3703|1.36
Vasco Tulipa|DESIGN|T1|1350|2200|100|3968|1.36
Vasco Tulipa|DESIGN|T1|225|2400|100|719|1.36
Vasco Tulipa|DESIGN|T1|270|2400|100|863|1.36
Vasco Tulipa|DESIGN|T1|315|2400|100|1007|1.36
Vasco Tulipa|DESIGN|T1|360|2400|100|1151|1.36
Vasco Tulipa|DESIGN|T1|415|2400|100|1295|1.36
Vasco Tulipa|DESIGN|T1|450|2400|100|1439|1.36
Vasco Tulipa|DESIGN|T1|495|2400|100|1583|1.36
Vasco Tulipa|DESIGN|T1|540|2400|100|1726|1.36
Vasco Tulipa|DESIGN|T1|585|2400|100|1870|1.36
Vasco Tulipa|DESIGN|T1|630|2400|100|2014|1.36
Vasco Tulipa|DESIGN|T1|675|2400|100|2158|1.36
Vasco Tulipa|DESIGN|T1|720|2400|100|2302|1.36
Vasco Tulipa|DESIGN|T1|765|2400|100|2446|1.36
Vasco Tulipa|DESIGN|T1|810|2400|100|2590|1.36
Vasco Tulipa|DESIGN|T1|855|2400|100|2734|1.36
Vasco Tulipa|DESIGN|T1|900|2400|100|2877|1.36
Vasco Tulipa|DESIGN|T1|990|2400|100|3165|1.36
Vasco Tulipa|DESIGN|T1|1080|2400|100|3453|1.36
Vasco Tulipa|DESIGN|T1|1170|2400|100|3741|1.36
Vasco Tulipa|DESIGN|T1|1260|2400|100|4028|1.36
Vasco Tulipa|DESIGN|T1|1350|2400|100|4316|1.36
Vasco Tulipa|DESIGN|T1|225|2600|100|777|1.36
Vasco Tulipa|DESIGN|T1|270|2600|100|933|1.36
Vasco Tulipa|DESIGN|T1|315|2600|100|1088|1.36
Vasco Tulipa|DESIGN|T1|360|2600|100|1244|1.36
Vasco Tulipa|DESIGN|T1|415|2600|100|1399|1.36
Vasco Tulipa|DESIGN|T1|450|2600|100|1555|1.36
Vasco Tulipa|DESIGN|T1|495|2600|100|1710|1.36
Vasco Tulipa|DESIGN|T1|540|2600|100|1865|1.36
Vasco Tulipa|DESIGN|T1|585|2600|100|2021|1.36
Vasco Tulipa|DESIGN|T1|630|2600|100|2176|1.36
Vasco Tulipa|DESIGN|T1|675|2600|100|2332|1.36
Vasco Tulipa|DESIGN|T1|720|2600|100|2487|1.36
Vasco Tulipa|DESIGN|T1|765|2600|100|2643|1.36
Vasco Tulipa|DESIGN|T1|810|2600|100|2798|1.36
Vasco Tulipa|DESIGN|T1|855|2600|100|2954|1.36
Vasco Tulipa|DESIGN|T1|900|2600|100|3109|1.36
Vasco Tulipa|DESIGN|T1|990|2600|100|3420|1.36
Vasco Tulipa|DESIGN|T1|1080|2600|100|3731|1.36
Vasco Tulipa|DESIGN|T1|1170|2600|100|4042|1.36
Vasco Tulipa|DESIGN|T1|1260|2600|100|4353|1.36
Vasco Tulipa|DESIGN|T1|1350|2600|100|4664|1.36
Vasco Tulipa|DESIGN|T1|225|2800|100|835|1.36
Vasco Tulipa|DESIGN|T1|270|2800|100|1002|1.36
Vasco Tulipa|DESIGN|T1|315|2800|100|1169|1.36
Vasco Tulipa|DESIGN|T1|360|2800|100|1336|1.36
Vasco Tulipa|DESIGN|T1|415|2800|100|1503|1.36
Vasco Tulipa|DESIGN|T1|450|2800|100|1670|1.36
Vasco Tulipa|DESIGN|T1|495|2800|100|1837|1.36
Vasco Tulipa|DESIGN|T1|540|2800|100|2004|1.36
Vasco Tulipa|DESIGN|T1|585|2800|100|2171|1.36
Vasco Tulipa|DESIGN|T1|630|2800|100|2338|1.36
Vasco Tulipa|DESIGN|T1|675|2800|100|2505|1.36
Vasco Tulipa|DESIGN|T1|720|2800|100|2672|1.36
Vasco Tulipa|DESIGN|T1|765|2800|100|2839|1.36
Vasco Tulipa|DESIGN|T1|810|2800|100|3006|1.36
Vasco Tulipa|DESIGN|T1|855|2800|100|3173|1.36
Vasco Tulipa|DESIGN|T1|900|2800|100|3340|1.36
Vasco Tulipa|DESIGN|T1|990|2800|100|3674|1.36
Vasco Tulipa|DESIGN|T1|1080|2800|100|4008|1.36
Vasco Tulipa|DESIGN|T1|1170|2800|100|4342|1.36
Vasco Tulipa|DESIGN|T1|1260|2800|100|4676|1.36
Vasco Tulipa|DESIGN|T1|1350|2800|100|5010|1.36
Vasco Tulipa|DESIGN|T1|225|3000|100|893|1.36
Vasco Tulipa|DESIGN|T1|270|3000|100|1071|1.36
Vasco Tulipa|DESIGN|T1|315|3000|100|1250|1.36
Vasco Tulipa|DESIGN|T1|360|3000|100|1428|1.36
Vasco Tulipa|DESIGN|T1|415|3000|100|1607|1.36
Vasco Tulipa|DESIGN|T1|450|3000|100|1785|1.36
Vasco Tulipa|DESIGN|T1|495|3000|100|1964|1.36
Vasco Tulipa|DESIGN|T1|540|3000|100|2142|1.36
Vasco Tulipa|DESIGN|T1|585|3000|100|2321|1.36
Vasco Tulipa|DESIGN|T1|630|3000|100|2499|1.36
Vasco Tulipa|DESIGN|T1|675|3000|100|1678|1.36
Vasco Tulipa|DESIGN|T1|720|3000|100|1856|1.36
Vasco Tulipa|DESIGN|T1|765|3000|100|3035|1.36
Vasco Tulipa|DESIGN|T1|810|3000|100|3214|1.36
Vasco Tulipa|DESIGN|T1|855|3000|100|3392|1.36
Vasco Tulipa|DESIGN|T1|900|3000|100|3571|1.36
Vasco Tulipa|DESIGN|T1|990|3000|100|3928|1.36
Vasco Tulipa|DESIGN|T1|1080|3000|100|4285|1.36
Vasco Tulipa|DESIGN|T1|1170|3000|100|4642|1.36
Vasco Tulipa|DESIGN|T1|1260|3000|100|4999|1.36
Vasco Tulipa|DESIGN|T1|1350|3000|100|5356|1.36
Vasco Tulipa|DESIGN|T2|540|400|100|560|1.36
Vasco Tulipa|DESIGN|T2|630|400|100|654|1.36
Vasco Tulipa|DESIGN|T2|720|400|100|747|1.36
Vasco Tulipa|DESIGN|T2|810|400|100|841|1.36
Vasco Tulipa|DESIGN|T2|900|400|100|934|1.36
Vasco Tulipa|DESIGN|T2|990|400|100|1028|1.36
Vasco Tulipa|DESIGN|T2|1080|400|100|1121|1.36
Vasco Tulipa|DESIGN|T2|1170|400|100|1214|1.36
Vasco Tulipa|DESIGN|T2|1260|400|100|1308|1.36
Vasco Tulipa|DESIGN|T2|1350|400|100|1401|1.36
Vasco Tulipa|DESIGN|T2|1440|400|100|1495|1.36
Vasco Tulipa|DESIGN|T2|1530|400|100|1588|1.36
Vasco Tulipa|DESIGN|T2|1620|400|100|1681|1.36
Vasco Tulipa|DESIGN|T2|1710|400|100|1775|1.36
Vasco Tulipa|DESIGN|T2|1800|400|100|1868|1.36
Vasco Tulipa|DESIGN|T2|1890|400|100|1692|1.36
Vasco Tulipa|DESIGN|T2|1980|400|100|2055|1.36
Vasco Tulipa|DESIGN|T2|2070|400|100|2148|1.36
Vasco Tulipa|DESIGN|T2|2160|400|100|2242|1.36
Vasco Tulipa|DESIGN|T2|2340|400|100|2429|1.36
Vasco Tulipa|DESIGN|T2|2520|400|100|2615|1.36
Vasco Tulipa|DESIGN|T2|2700|400|100|2802|1.36
Vasco Tulipa|DESIGN|T2|2880|400|100|2989|1.36
Vasco Tulipa|DESIGN|T2|3060|400|100|3176|1.36
Vasco Tulipa|DESIGN|T2|3150|400|100|3269|1.36
Vasco Tulipa|DESIGN|T2|540|500|100|678|1.36
Vasco Tulipa|DESIGN|T2|630|500|100|791|1.36
Vasco Tulipa|DESIGN|T2|720|500|100|904|1.36
Vasco Tulipa|DESIGN|T2|810|500|100|1018|1.36
Vasco Tulipa|DESIGN|T2|900|500|100|1131|1.36
Vasco Tulipa|DESIGN|T2|990|500|100|1244|1.36
Vasco Tulipa|DESIGN|T2|1080|500|100|1357|1.36
Vasco Tulipa|DESIGN|T2|1170|500|100|1470|1.36
Vasco Tulipa|DESIGN|T2|1260|500|100|1583|1.36
Vasco Tulipa|DESIGN|T2|1350|500|100|1696|1.36
Vasco Tulipa|DESIGN|T2|1440|500|100|1809|1.36
Vasco Tulipa|DESIGN|T2|1530|500|100|1922|1.36
Vasco Tulipa|DESIGN|T2|1620|500|100|2035|1.36
Vasco Tulipa|DESIGN|T2|1710|500|100|2148|1.36
Vasco Tulipa|DESIGN|T2|1800|500|100|2261|1.36
Vasco Tulipa|DESIGN|T2|1890|500|100|2374|1.36
Vasco Tulipa|DESIGN|T2|1980|500|100|2487|1.36
Vasco Tulipa|DESIGN|T2|2070|500|100|2600|1.36
Vasco Tulipa|DESIGN|T2|2160|500|100|2713|1.36
Vasco Tulipa|DESIGN|T2|2340|500|100|2939|1.36
Vasco Tulipa|DESIGN|T2|2520|500|100|3166|1.36
Vasco Tulipa|DESIGN|T2|2700|500|100|3392|1.36
Vasco Tulipa|DESIGN|T2|2880|500|100|3618|1.36
Vasco Tulipa|DESIGN|T2|3060|500|100|3844|1.36
Vasco Tulipa|DESIGN|T2|3150|500|100|3957|1.36
Vasco Tulipa|DESIGN|T2|540|600|100|793|1.36
Vasco Tulipa|DESIGN|T2|630|600|100|925|1.36
Vasco Tulipa|DESIGN|T2|720|600|100|1057|1.36
Vasco Tulipa|DESIGN|T2|810|600|100|1189|1.36
Vasco Tulipa|DESIGN|T2|900|600|100|1321|1.36
Vasco Tulipa|DESIGN|T2|990|600|100|1454|1.36
Vasco Tulipa|DESIGN|T2|1080|600|100|1586|1.36
Vasco Tulipa|DESIGN|T2|1170|600|100|1718|1.36
Vasco Tulipa|DESIGN|T2|1260|600|100|1850|1.36
Vasco Tulipa|DESIGN|T2|1350|600|100|1982|1.36
Vasco Tulipa|DESIGN|T2|1440|600|100|2114|1.36
Vasco Tulipa|DESIGN|T2|1530|600|100|2246|1.36
Vasco Tulipa|DESIGN|T2|1620|600|100|2379|1.36
Vasco Tulipa|DESIGN|T2|1710|600|100|2511|1.36
Vasco Tulipa|DESIGN|T2|1800|600|100|2643|1.36
Vasco Tulipa|DESIGN|T2|1890|600|100|2775|1.36
Vasco Tulipa|DESIGN|T2|1980|600|100|2907|1.36
Vasco Tulipa|DESIGN|T2|2070|600|100|3039|1.36
Vasco Tulipa|DESIGN|T2|2160|600|100|3171|1.36
Vasco Tulipa|DESIGN|T2|2340|600|100|3436|1.36
Vasco Tulipa|DESIGN|T2|2520|600|100|3700|1.36
Vasco Tulipa|DESIGN|T2|2700|600|100|3964|1.36
Vasco Tulipa|DESIGN|T2|2880|600|100|4228|1.36
Vasco Tulipa|DESIGN|T2|3060|600|100|4493|1.36
Vasco Tulipa|DESIGN|T2|3150|600|100|4625|1.36
Vasco Tulipa|DESIGN|T2|540|700|100|905|1.36
Vasco Tulipa|DESIGN|T2|630|700|100|1055|1.36
Vasco Tulipa|DESIGN|T2|720|700|100|1206|1.36
Vasco Tulipa|DESIGN|T2|810|700|100|1357|1.36
Vasco Tulipa|DESIGN|T2|900|700|100|1508|1.36
Vasco Tulipa|DESIGN|T2|990|700|100|1658|1.36
Vasco Tulipa|DESIGN|T2|1080|700|100|1809|1.36
Vasco Tulipa|DESIGN|T2|1170|700|100|1960|1.36
Vasco Tulipa|DESIGN|T2|1260|700|100|2111|1.36
Vasco Tulipa|DESIGN|T2|1350|700|100|2262|1.36
Vasco Tulipa|DESIGN|T2|1440|700|100|2412|1.36
Vasco Tulipa|DESIGN|T2|1530|700|100|2563|1.36
Vasco Tulipa|DESIGN|T2|1620|700|100|2714|1.36
Vasco Tulipa|DESIGN|T2|1710|700|100|2865|1.36
Vasco Tulipa|DESIGN|T2|1800|700|100|3015|1.36
Vasco Tulipa|DESIGN|T2|1890|700|100|3166|1.36
Vasco Tulipa|DESIGN|T2|1980|700|100|3317|1.36
Vasco Tulipa|DESIGN|T2|2070|700|100|3468|1.36
Vasco Tulipa|DESIGN|T2|2160|700|100|3618|1.36
Vasco Tulipa|DESIGN|T2|2340|700|100|3920|1.36
Vasco Tulipa|DESIGN|T2|2520|700|100|4221|1.36
Vasco Tulipa|DESIGN|T2|2700|700|100|4523|1.36
Vasco Tulipa|DESIGN|T2|2880|700|100|4825|1.36
Vasco Tulipa|DESIGN|T2|3060|700|100|5126|1.36
Vasco Tulipa|DESIGN|T2|3150|700|100|5277|1.36
Vasco Tulipa|DESIGN|T2|540|800|100|1014|1.36
Vasco Tulipa|DESIGN|T2|630|800|100|1183|1.36
Vasco Tulipa|DESIGN|T2|720|800|100|1352|1.36
Vasco Tulipa|DESIGN|T2|810|800|100|1521|1.36
Vasco Tulipa|DESIGN|T2|900|800|100|1690|1.36
Vasco Tulipa|DESIGN|T2|990|800|100|1859|1.36
Vasco Tulipa|DESIGN|T2|1080|800|100|2028|1.36
Vasco Tulipa|DESIGN|T2|1170|800|100|2197|1.36
Vasco Tulipa|DESIGN|T2|1260|800|100|2366|1.36
Vasco Tulipa|DESIGN|T2|1350|800|100|2535|1.36
Vasco Tulipa|DESIGN|T2|1440|800|100|2704|1.36
Vasco Tulipa|DESIGN|T2|1530|800|100|2873|1.36
Vasco Tulipa|DESIGN|T2|1620|800|100|3042|1.36
Vasco Tulipa|DESIGN|T2|1710|800|100|3211|1.36
Vasco Tulipa|DESIGN|T2|1800|800|100|3380|1.36
Vasco Tulipa|DESIGN|T2|1890|800|100|3549|1.36
Vasco Tulipa|DESIGN|T2|1980|800|100|3718|1.36
Vasco Tulipa|DESIGN|T2|2070|800|100|3887|1.36
Vasco Tulipa|DESIGN|T2|2160|800|100|4056|1.36
Vasco Tulipa|DESIGN|T2|2340|800|100|4394|1.36
Vasco Tulipa|DESIGN|T2|2520|800|100|4732|1.36
Vasco Tulipa|DESIGN|T2|2700|800|100|5070|1.36
Vasco Tulipa|DESIGN|T2|540|900|100|1129|1.36
Vasco Tulipa|DESIGN|T2|630|900|100|1317|1.36
Vasco Tulipa|DESIGN|T2|720|900|100|1506|1.36
Vasco Tulipa|DESIGN|T2|810|900|100|1694|1.36
Vasco Tulipa|DESIGN|T2|900|900|100|1882|1.36
Vasco Tulipa|DESIGN|T2|990|900|100|2070|1.36
Vasco Tulipa|DESIGN|T2|1080|900|100|2259|1.36
Vasco Tulipa|DESIGN|T2|1170|900|100|2447|1.36
Vasco Tulipa|DESIGN|T2|1260|900|100|2635|1.36
Vasco Tulipa|DESIGN|T2|1350|900|100|2823|1.36
Vasco Tulipa|DESIGN|T2|1440|900|100|3011|1.36
Vasco Tulipa|DESIGN|T2|1530|900|100|3200|1.36
Vasco Tulipa|DESIGN|T2|1620|900|100|3388|1.36
Vasco Tulipa|DESIGN|T2|1710|900|100|3576|1.36
Vasco Tulipa|DESIGN|T2|1800|900|100|3764|1.36
Vasco Tulipa|DESIGN|T2|1890|900|100|3952|1.36
Vasco Tulipa|DESIGN|T2|1980|900|100|4141|1.36
Vasco Tulipa|DESIGN|T2|2070|900|100|4329|1.36
Vasco Tulipa|DESIGN|T2|2160|900|100|4517|1.36
Vasco Tulipa|DESIGN|T2|2340|900|100|4893|1.36
Vasco Tulipa|DESIGN|T2|2520|900|100|5720|1.36
Vasco Tulipa|DESIGN|T2|225|1000|100|518|1.36
Vasco Tulipa|DESIGN|T2|270|1000|100|622|1.36
Vasco Tulipa|DESIGN|T2|315|1000|100|726|1.36
Vasco Tulipa|DESIGN|T2|360|1000|100|829|1.36
Vasco Tulipa|DESIGN|T2|415|1000|100|933|1.36
Vasco Tulipa|DESIGN|T2|450|1000|100|1037|1.36
Vasco Tulipa|DESIGN|T2|495|1000|100|1140|1.36
Vasco Tulipa|DESIGN|T2|540|1000|100|1244|1.36
Vasco Tulipa|DESIGN|T2|585|1000|100|1348|1.36
Vasco Tulipa|DESIGN|T2|630|1000|100|1451|1.36
Vasco Tulipa|DESIGN|T2|675|1000|100|1555|1.36
Vasco Tulipa|DESIGN|T2|720|1000|100|1659|1.36
Vasco Tulipa|DESIGN|T2|765|1000|100|1762|1.36
Vasco Tulipa|DESIGN|T2|810|1000|100|1866|1.36
Vasco Tulipa|DESIGN|T2|855|1000|100|1970|1.36
Vasco Tulipa|DESIGN|T2|900|1000|100|2073|1.36
Vasco Tulipa|DESIGN|T2|990|1000|100|2281|1.36
Vasco Tulipa|DESIGN|T2|1080|1000|100|2488|1.36
Vasco Tulipa|DESIGN|T2|1170|1000|100|2695|1.36
Vasco Tulipa|DESIGN|T2|1260|1000|100|2903|1.36
Vasco Tulipa|DESIGN|T2|1350|1000|100|3110|1.36
Vasco Tulipa|DESIGN|T2|225|1200|100|613|1.36
Vasco Tulipa|DESIGN|T2|270|1200|100|735|1.36
Vasco Tulipa|DESIGN|T2|315|1200|100|858|1.36
Vasco Tulipa|DESIGN|T2|360|1200|100|981|1.36
Vasco Tulipa|DESIGN|T2|415|1200|100|1103|1.36
Vasco Tulipa|DESIGN|T2|450|1200|100|1226|1.36
Vasco Tulipa|DESIGN|T2|495|1200|100|1348|1.36
Vasco Tulipa|DESIGN|T2|540|1200|100|1471|1.36
Vasco Tulipa|DESIGN|T2|585|1200|100|1593|1.36
Vasco Tulipa|DESIGN|T2|630|1200|100|1716|1.36
Vasco Tulipa|DESIGN|T2|675|1200|100|1839|1.36
Vasco Tulipa|DESIGN|T2|720|1200|100|1961|1.36
Vasco Tulipa|DESIGN|T2|765|1200|100|2084|1.36
Vasco Tulipa|DESIGN|T2|810|1200|100|2206|1.36
Vasco Tulipa|DESIGN|T2|855|1200|100|2329|1.36
Vasco Tulipa|DESIGN|T2|900|1200|100|2451|1.36
Vasco Tulipa|DESIGN|T2|990|1200|100|2696|1.36
Vasco Tulipa|DESIGN|T2|1080|1200|100|2942|1.36
Vasco Tulipa|DESIGN|T2|1170|1200|100|3187|1.36
Vasco Tulipa|DESIGN|T2|1260|1200|100|3432|1.36
Vasco Tulipa|DESIGN|T2|1350|1200|100|3677|1.36
Vasco Tulipa|DESIGN|T2|225|1400|100|709|1.36
Vasco Tulipa|DESIGN|T2|270|1400|100|851|1.36
Vasco Tulipa|DESIGN|T2|315|1400|100|993|1.36
Vasco Tulipa|DESIGN|T2|360|1400|100|1134|1.36
Vasco Tulipa|DESIGN|T2|415|1400|100|1276|1.36
Vasco Tulipa|DESIGN|T2|450|1400|100|1418|1.36
Vasco Tulipa|DESIGN|T2|495|1400|100|1560|1.36
Vasco Tulipa|DESIGN|T2|540|1400|100|1702|1.36
Vasco Tulipa|DESIGN|T2|585|1400|100|1844|1.36
Vasco Tulipa|DESIGN|T2|630|1400|100|1985|1.36
Vasco Tulipa|DESIGN|T2|675|1400|100|2127|1.36
Vasco Tulipa|DESIGN|T2|720|1400|100|2269|1.36
Vasco Tulipa|DESIGN|T2|765|1400|100|2411|1.36
Vasco Tulipa|DESIGN|T2|810|1400|100|2553|1.36
Vasco Tulipa|DESIGN|T2|855|1400|100|3694|1.36
Vasco Tulipa|DESIGN|T2|900|1400|100|2836|1.36
Vasco Tulipa|DESIGN|T2|990|1400|100|3120|1.36
Vasco Tulipa|DESIGN|T2|1080|1400|100|3403|1.36
Vasco Tulipa|DESIGN|T2|1170|1400|100|3687|1.36
Vasco Tulipa|DESIGN|T2|1260|1400|100|3971|1.36
Vasco Tulipa|DESIGN|T2|1350|1400|100|4254|1.36
Vasco Tulipa|DESIGN|T2|225|1600|100|805|1.36
Vasco Tulipa|DESIGN|T2|270|1600|100|966|1.36
Vasco Tulipa|DESIGN|T2|315|1600|100|1127|1.36
Vasco Tulipa|DESIGN|T2|360|1600|100|1288|1.36
Vasco Tulipa|DESIGN|T2|415|1600|100|1449|1.36
Vasco Tulipa|DESIGN|T2|450|1600|100|1610|1.36
Vasco Tulipa|DESIGN|T2|495|1600|100|1771|1.36
Vasco Tulipa|DESIGN|T2|540|1600|100|1932|1.36
Vasco Tulipa|DESIGN|T2|585|1600|100|2093|1.36
Vasco Tulipa|DESIGN|T2|630|1600|100|2254|1.36
Vasco Tulipa|DESIGN|T2|675|1600|100|2415|1.36
Vasco Tulipa|DESIGN|T2|720|1600|100|2576|1.36
Vasco Tulipa|DESIGN|T2|765|1600|100|2737|1.36
Vasco Tulipa|DESIGN|T2|810|1600|100|2898|1.36
Vasco Tulipa|DESIGN|T2|855|1600|100|3059|1.36
Vasco Tulipa|DESIGN|T2|900|1600|100|3220|1.36
Vasco Tulipa|DESIGN|T2|990|1600|100|3542|1.36
Vasco Tulipa|DESIGN|T2|1080|1600|100|3863|1.36
Vasco Tulipa|DESIGN|T2|1170|1600|100|4185|1.36
Vasco Tulipa|DESIGN|T2|1260|1600|100|4507|1.36
Vasco Tulipa|DESIGN|T2|1350|1600|100|4829|1.36
Vasco Tulipa|DESIGN|T2|225|1800|100|900|1.36
Vasco Tulipa|DESIGN|T2|270|1800|100|1080|1.36
Vasco Tulipa|DESIGN|T2|315|1800|100|1260|1.36
Vasco Tulipa|DESIGN|T2|360|1800|100|1440|1.36
Vasco Tulipa|DESIGN|T2|415|1800|100|1620|1.36
Vasco Tulipa|DESIGN|T2|450|1800|100|1800|1.36
Vasco Tulipa|DESIGN|T2|495|1800|100|1980|1.36
Vasco Tulipa|DESIGN|T2|540|1800|100|2160|1.36
Vasco Tulipa|DESIGN|T2|585|1800|100|2340|1.36
Vasco Tulipa|DESIGN|T2|630|1800|100|2520|1.36
Vasco Tulipa|DESIGN|T2|675|1800|100|2700|1.36
Vasco Tulipa|DESIGN|T2|720|1800|100|2880|1.36
Vasco Tulipa|DESIGN|T2|765|1800|100|3060|1.36
Vasco Tulipa|DESIGN|T2|810|1800|100|3240|1.36
Vasco Tulipa|DESIGN|T2|855|1800|100|3420|1.36
Vasco Tulipa|DESIGN|T2|900|1800|100|3600|1.36
Vasco Tulipa|DESIGN|T2|990|1800|100|3960|1.36
Vasco Tulipa|DESIGN|T2|1080|1800|100|4320|1.36
Vasco Tulipa|DESIGN|T2|1170|1800|100|4680|1.36
Vasco Tulipa|DESIGN|T2|1260|1800|100|5040|1.36
Vasco Tulipa|DESIGN|T2|225|1900|100|948|1.36
Vasco Tulipa|DESIGN|T2|270|1900|100|1137|1.36
Vasco Tulipa|DESIGN|T2|315|1900|100|1327|1.36
Vasco Tulipa|DESIGN|T2|360|1900|100|1516|1.36
Vasco Tulipa|DESIGN|T2|415|1900|100|1706|1.36
Vasco Tulipa|DESIGN|T2|450|1900|100|1895|1.36
Vasco Tulipa|DESIGN|T2|495|1900|100|2085|1.36
Vasco Tulipa|DESIGN|T2|540|1900|100|2274|1.36
Vasco Tulipa|DESIGN|T2|585|1900|100|2464|1.36
Vasco Tulipa|DESIGN|T2|630|1900|100|2653|1.36
Vasco Tulipa|DESIGN|T2|675|1900|100|2843|1.36
Vasco Tulipa|DESIGN|T2|720|1900|100|3032|1.36
Vasco Tulipa|DESIGN|T2|765|1900|100|3222|1.36
Vasco Tulipa|DESIGN|T2|810|1900|100|3411|1.36
Vasco Tulipa|DESIGN|T2|855|1900|100|3601|1.36
Vasco Tulipa|DESIGN|T2|900|1900|100|3790|1.36
Vasco Tulipa|DESIGN|T2|990|1900|100|4169|1.36
Vasco Tulipa|DESIGN|T2|1080|1900|100|4548|1.36
Vasco Tulipa|DESIGN|T2|1170|1900|100|4927|1.36
Vasco Tulipa|DESIGN|T2|225|2000|100|995|1.36
Vasco Tulipa|DESIGN|T2|270|2000|100|1194|1.36
Vasco Tulipa|DESIGN|T2|315|2000|100|1393|1.36
Vasco Tulipa|DESIGN|T2|360|2000|100|1592|1.36
Vasco Tulipa|DESIGN|T2|415|2000|100|1791|1.36
Vasco Tulipa|DESIGN|T2|450|2000|100|1990|1.36
Vasco Tulipa|DESIGN|T2|495|2000|100|2189|1.36
Vasco Tulipa|DESIGN|T2|540|2000|100|2388|1.36
Vasco Tulipa|DESIGN|T2|585|2000|100|2587|1.36
Vasco Tulipa|DESIGN|T2|630|2000|100|2786|1.36
Vasco Tulipa|DESIGN|T2|675|2000|100|2985|1.36
Vasco Tulipa|DESIGN|T2|720|2000|100|3184|1.36
Vasco Tulipa|DESIGN|T2|765|2000|100|3383|1.36
Vasco Tulipa|DESIGN|T2|810|2000|100|3581|1.36
Vasco Tulipa|DESIGN|T2|855|2000|100|3780|1.36
Vasco Tulipa|DESIGN|T2|900|2000|100|3979|1.36
Vasco Tulipa|DESIGN|T2|990|2000|100|4377|1.36
Vasco Tulipa|DESIGN|T2|1080|2000|100|4775|1.36
Vasco Tulipa|DESIGN|T2|1170|2000|100|5173|1.36
Vasco Tulipa|DESIGN|T2|225|2100|100|1043|1.36
Vasco Tulipa|DESIGN|T2|270|2100|100|1252|1.36
Vasco Tulipa|DESIGN|T2|315|2100|100|1460|1.36
Vasco Tulipa|DESIGN|T2|360|2100|100|1669|1.36
Vasco Tulipa|DESIGN|T2|415|2100|100|1877|1.36
Vasco Tulipa|DESIGN|T2|450|2100|100|2086|1.36
Vasco Tulipa|DESIGN|T2|495|2100|100|2295|1.36
Vasco Tulipa|DESIGN|T2|540|2100|100|2503|1.36
Vasco Tulipa|DESIGN|T2|585|2100|100|2712|1.36
Vasco Tulipa|DESIGN|T2|630|2100|100|2920|1.36
Vasco Tulipa|DESIGN|T2|675|2100|100|3129|1.36
Vasco Tulipa|DESIGN|T2|720|2100|100|3338|1.36
Vasco Tulipa|DESIGN|T2|765|2100|100|3546|1.36
Vasco Tulipa|DESIGN|T2|810|2100|100|3755|1.36
Vasco Tulipa|DESIGN|T2|855|2100|100|3963|1.36
Vasco Tulipa|DESIGN|T2|900|2100|100|4172|1.36
Vasco Tulipa|DESIGN|T2|990|2100|100|4589|1.36
Vasco Tulipa|DESIGN|T2|1080|2100|100|5006|1.36
Vasco Tulipa|DESIGN|T2|225|2200|100|1091|1.36
Vasco Tulipa|DESIGN|T2|270|2200|100|1309|1.36
Vasco Tulipa|DESIGN|T2|315|2200|100|1527|1.36
Vasco Tulipa|DESIGN|T2|360|2200|100|1746|1.36
Vasco Tulipa|DESIGN|T2|415|2200|100|1964|1.36
Vasco Tulipa|DESIGN|T2|450|2200|100|2182|1.36
Vasco Tulipa|DESIGN|T2|495|2200|100|2400|1.36
Vasco Tulipa|DESIGN|T2|540|2200|100|2618|1.36
Vasco Tulipa|DESIGN|T2|585|2200|100|2837|1.36
Vasco Tulipa|DESIGN|T2|630|2200|100|3055|1.36
Vasco Tulipa|DESIGN|T2|675|2200|100|3273|1.36
Vasco Tulipa|DESIGN|T2|720|2200|100|3491|1.36
Vasco Tulipa|DESIGN|T2|765|2200|100|3709|1.36
Vasco Tulipa|DESIGN|T2|810|2200|100|3928|1.36
Vasco Tulipa|DESIGN|T2|855|2200|100|4146|1.36
Vasco Tulipa|DESIGN|T2|900|2200|100|4364|1.36
Vasco Tulipa|DESIGN|T2|990|2200|100|4800|1.36
Vasco Tulipa|DESIGN|T2|1080|2200|100|5237|1.36
Vasco Tulipa|DESIGN|T2|225|2400|100|1187|1.36
Vasco Tulipa|DESIGN|T2|270|2400|100|1424|1.36
Vasco Tulipa|DESIGN|T2|315|2400|100|1662|1.36
Vasco Tulipa|DESIGN|T2|360|2400|100|1899|1.36
Vasco Tulipa|DESIGN|T2|415|2400|100|1236|1.36
Vasco Tulipa|DESIGN|T2|450|2400|100|2374|1.36
Vasco Tulipa|DESIGN|T2|495|2400|100|2611|1.36
Vasco Tulipa|DESIGN|T2|540|2400|100|2849|1.36
Vasco Tulipa|DESIGN|T2|585|2400|100|3086|1.36
Vasco Tulipa|DESIGN|T2|630|2400|100|3323|1.36
Vasco Tulipa|DESIGN|T2|675|2400|100|3561|1.36
Vasco Tulipa|DESIGN|T2|720|2400|100|3798|1.36
Vasco Tulipa|DESIGN|T2|765|2400|100|4035|1.36
Vasco Tulipa|DESIGN|T2|810|2400|100|4273|1.36
Vasco Tulipa|DESIGN|T2|855|2400|100|4510|1.36
Vasco Tulipa|DESIGN|T2|900|2400|100|4748|1.36
Vasco Tulipa|DESIGN|T2|990|2400|100|5222|1.36
Vasco Tulipa|DESIGN|T2|225|2600|100|1283|1.36
Vasco Tulipa|DESIGN|T2|270|2600|100|1539|1.36
Vasco Tulipa|DESIGN|T2|315|2600|100|1796|1.36
Vasco Tulipa|DESIGN|T2|360|2600|100|2052|1.36
Vasco Tulipa|DESIGN|T2|415|2600|100|2309|1.36
Vasco Tulipa|DESIGN|T2|450|2600|100|2565|1.36
Vasco Tulipa|DESIGN|T2|495|2600|100|2822|1.36
Vasco Tulipa|DESIGN|T2|540|2600|100|3078|1.36
Vasco Tulipa|DESIGN|T2|585|2600|100|3335|1.36
Vasco Tulipa|DESIGN|T2|630|2600|100|3591|1.36
Vasco Tulipa|DESIGN|T2|675|2600|100|3848|1.36
Vasco Tulipa|DESIGN|T2|720|2600|100|4104|1.36
Vasco Tulipa|DESIGN|T2|765|2600|100|4361|1.36
Vasco Tulipa|DESIGN|T2|810|2600|100|4617|1.36
Vasco Tulipa|DESIGN|T2|855|2600|100|4874|1.36
Vasco Tulipa|DESIGN|T2|900|2600|100|5130|1.36
Vasco Tulipa|DESIGN|T2|990|2600|100|5643|1.36
Vasco Tulipa|DESIGN|T2|225|2800|100|1378|1.36
Vasco Tulipa|DESIGN|T2|270|2800|100|1653|1.36
Vasco Tulipa|DESIGN|T2|315|2800|100|1929|1.36
Vasco Tulipa|DESIGN|T2|360|2800|100|2205|1.36
Vasco Tulipa|DESIGN|T2|415|2800|100|2480|1.36
Vasco Tulipa|DESIGN|T2|450|2800|100|2756|1.36
Vasco Tulipa|DESIGN|T2|495|2800|100|3031|1.36
Vasco Tulipa|DESIGN|T2|540|2800|100|3307|1.36
Vasco Tulipa|DESIGN|T2|585|2800|100|3582|1.36
Vasco Tulipa|DESIGN|T2|630|2800|100|3858|1.36
Vasco Tulipa|DESIGN|T2|675|2800|100|4134|1.36
Vasco Tulipa|DESIGN|T2|720|2800|100|4409|1.36
Vasco Tulipa|DESIGN|T2|765|2800|100|4685|1.36
Vasco Tulipa|DESIGN|T2|810|2800|100|4960|1.36
Vasco Tulipa|DESIGN|T2|855|2800|100|5236|1.36
Vasco Tulipa|DESIGN|T2|900|2800|100|5512|1.36
Vasco Tulipa|DESIGN|T2|225|3000|100|1473|1.36
Vasco Tulipa|DESIGN|T2|270|3000|100|1768|1.36
Vasco Tulipa|DESIGN|T2|315|3000|100|2062|1.36
Vasco Tulipa|DESIGN|T2|360|3000|100|2357|1.36
Vasco Tulipa|DESIGN|T2|415|3000|100|2651|1.36
Vasco Tulipa|DESIGN|T2|450|3000|100|2946|1.36
Vasco Tulipa|DESIGN|T2|495|3000|100|3241|1.36
Vasco Tulipa|DESIGN|T2|540|3000|100|3535|1.36
Vasco Tulipa|DESIGN|T2|585|3000|100|3830|1.36
Vasco Tulipa|DESIGN|T2|630|3000|100|4125|1.36
Vasco Tulipa|DESIGN|T2|675|3000|100|4419|1.36
Vasco Tulipa|DESIGN|T2|720|3000|100|4714|1.36
Vasco Tulipa|DESIGN|T2|765|3000|100|5008|1.36
Vasco Tulipa|DESIGN|T2|810|3000|100|5303|1.36
Vasco Tulipa|DESIGN|T2|855|3000|100|5598|1.36
Vasco Tulipa|DESIGN|T2|900|3000|100|5892|1.36