﻿Manufacture|Type|SubType|Width|Height|Depth|Power|nValue
Jaga Mini canal|MCAN|Type 9|1100|140|90|141|1.36
Jaga Mini canal|MCAN|Type 9|1300|140|90|177|1.36
Jaga Mini canal|MCAN|Type 9|1500|140|90|213|1.36
Jaga Mini canal|MCAN|Type 9|1700|140|90|248|1.36
Jaga Mini canal|MCAN|Type 9|1900|140|90|283|1.36
Jaga Mini canal|MCAN|Type 9|2100|140|90|318|1.36
Jaga Mini canal|MCAN|Type 9|2300|140|90|354|1.36
Jaga Mini canal|MCAN|Type 9|2500|140|90|390|1.36
Jaga Mini canal|MCAN|Type 9|2700|140|90|425|1.36
Jaga Mini canal|MCAN|Type 9|2900|140|90|460|1.36
Jaga Mini canal|MCAN|Type 9|3100|140|90|496|1.36
Jaga Mini canal|MCAN|Type 9|3300|140|90|531|1.36
Jaga Mini canal|MCAN|Type 9|3700|140|90|602|1.36
Jaga Mini canal|MCAN|Type 9|4100|140|90|672|1.36
Jaga Mini canal|MCAN|Type 9|4500|140|90|744|1.36
Jaga Mini canal|MCAN|Type 9|4900|140|90|814|1.36
Jaga Mini canal|MCAN|Type 9|1100|180|90|167|1.36
Jaga Mini canal|MCAN|Type 9|1300|180|90|209|1.36
Jaga Mini canal|MCAN|Type 9|1500|180|90|252|1.36
Jaga Mini canal|MCAN|Type 9|1700|180|90|294|1.36
Jaga Mini canal|MCAN|Type 9|1900|180|90|335|1.36
Jaga Mini canal|MCAN|Type 9|2100|180|90|378|1.36
Jaga Mini canal|MCAN|Type 9|2300|180|90|419|1.36
Jaga Mini canal|MCAN|Type 9|2500|180|90|461|1.36
Jaga Mini canal|MCAN|Type 9|2700|180|90|503|1.36
Jaga Mini canal|MCAN|Type 9|2900|180|90|545|1.36
Jaga Mini canal|MCAN|Type 9|3100|180|90|587|1.36
Jaga Mini canal|MCAN|Type 9|3300|180|90|629|1.36
Jaga Mini canal|MCAN|Type 9|3700|180|90|713|1.36
Jaga Mini canal|MCAN|Type 9|4100|180|90|796|1.36
Jaga Mini canal|MCAN|Type 9|4500|180|90|881|1.36
Jaga Mini canal|MCAN|Type 9|4900|180|90|964|1.36
Jaga Mini canal|MCAN|Type 9|1100|260|90|220|1.36
Jaga Mini canal|MCAN|Type 9|1300|260|90|275|1.36
Jaga Mini canal|MCAN|Type 9|1500|260|90|331|1.36
Jaga Mini canal|MCAN|Type 9|1700|260|90|386|1.36
Jaga Mini canal|MCAN|Type 9|1900|260|90|441|1.36
Jaga Mini canal|MCAN|Type 9|2100|260|90|497|1.36
Jaga Mini canal|MCAN|Type 9|2300|260|90|551|1.36
Jaga Mini canal|MCAN|Type 9|2500|260|90|606|1.36
Jaga Mini canal|MCAN|Type 9|2700|260|90|661|1.36
Jaga Mini canal|MCAN|Type 9|2900|260|90|717|1.36
Jaga Mini canal|MCAN|Type 9|3100|260|90|772|1.36
Jaga Mini canal|MCAN|Type 9|3300|260|90|827|1.36
Jaga Mini canal|MCAN|Type 9|3700|260|90|937|1.36
Jaga Mini canal|MCAN|Type 9|4100|260|90|1047|1.36
Jaga Mini canal|MCAN|Type 9|4500|260|90|1158|1.36
Jaga Mini canal|MCAN|Type 9|4900|260|90|1268|1.36
Jaga Mini canal|MCAN|Type 9|1100|340|90|286|1.36
Jaga Mini canal|MCAN|Type 9|1300|340|90|358|1.36
Jaga Mini canal|MCAN|Type 9|1500|340|90|430|1.36
Jaga Mini canal|MCAN|Type 9|1700|340|90|500|1.36
Jaga Mini canal|MCAN|Type 9|1900|340|90|572|1.36
Jaga Mini canal|MCAN|Type 9|2100|340|90|644|1.36
Jaga Mini canal|MCAN|Type 9|2300|340|90|715|1.36
Jaga Mini canal|MCAN|Type 9|2500|340|90|787|1.36
Jaga Mini canal|MCAN|Type 9|2700|340|90|858|1.36
Jaga Mini canal|MCAN|Type 9|2900|340|90|930|1.36
Jaga Mini canal|MCAN|Type 9|3100|340|90|1001|1.36
Jaga Mini canal|MCAN|Type 9|3300|340|90|1073|1.36
Jaga Mini canal|MCAN|Type 9|3700|340|90|1216|1.36
Jaga Mini canal|MCAN|Type 9|4100|340|90|1359|1.36
Jaga Mini canal|MCAN|Type 9|4500|340|90|1502|1.36
Jaga Mini canal|MCAN|Type 9|4900|340|90|1645|1.36
Jaga Mini canal|MCAN|Type 9|1100|420|90|414|1.36
Jaga Mini canal|MCAN|Type 9|1300|420|90|516|1.36
Jaga Mini canal|MCAN|Type 9|1500|420|90|619|1.36
Jaga Mini canal|MCAN|Type 9|1700|420|90|724|1.36
Jaga Mini canal|MCAN|Type 9|1900|420|90|826|1.36
Jaga Mini canal|MCAN|Type 9|2100|420|90|930|1.36
Jaga Mini canal|MCAN|Type 9|2300|420|90|1033|1.36
Jaga Mini canal|MCAN|Type 9|2500|420|90|1136|1.36
Jaga Mini canal|MCAN|Type 9|2700|420|90|1240|1.36
Jaga Mini canal|MCAN|Type 9|2900|420|90|1343|1.36
Jaga Mini canal|MCAN|Type 9|3100|420|90|1446|1.36
Jaga Mini canal|MCAN|Type 9|3300|420|90|1549|1.36
Jaga Mini canal|MCAN|Type 9|3700|420|90|1756|1.36
Jaga Mini canal|MCAN|Type 9|4100|420|90|1963|1.36
Jaga Mini canal|MCAN|Type 9|4500|420|90|2169|1.36
Jaga Mini canal|MCAN|Type 9|4900|420|90|2376|1.36
Jaga Mini canal|MCAN|Type 11|1100|140|110|163|1.36
Jaga Mini canal|MCAN|Type 11|1300|140|110|203|1.36
Jaga Mini canal|MCAN|Type 11|1500|140|110|244|1.36
Jaga Mini canal|MCAN|Type 11|1700|140|110|285|1.36
Jaga Mini canal|MCAN|Type 11|1900|140|110|325|1.36
Jaga Mini canal|MCAN|Type 11|2100|140|110|365|1.36
Jaga Mini canal|MCAN|Type 11|2300|140|110|406|1.36
Jaga Mini canal|MCAN|Type 11|2500|140|110|446|1.36
Jaga Mini canal|MCAN|Type 11|2700|140|110|487|1.36
Jaga Mini canal|MCAN|Type 11|2900|140|110|528|1.36
Jaga Mini canal|MCAN|Type 11|3100|140|110|569|1.36
Jaga Mini canal|MCAN|Type 11|3300|140|110|609|1.36
Jaga Mini canal|MCAN|Type 11|3700|140|110|691|1.36
Jaga Mini canal|MCAN|Type 11|4100|140|110|772|1.36
Jaga Mini canal|MCAN|Type 11|4500|140|110|853|1.36
Jaga Mini canal|MCAN|Type 11|4900|140|110|935|1.36
Jaga Mini canal|MCAN|Type 11|1100|180|110|193|1.36
Jaga Mini canal|MCAN|Type 11|1300|180|110|241|1.36
Jaga Mini canal|MCAN|Type 11|1500|180|110|288|1.36
Jaga Mini canal|MCAN|Type 11|1700|180|110|338|1.36
Jaga Mini canal|MCAN|Type 11|1900|180|110|385|1.36
Jaga Mini canal|MCAN|Type 11|2100|180|110|433|1.36
Jaga Mini canal|MCAN|Type 11|2300|180|110|482|1.36
Jaga Mini canal|MCAN|Type 11|2500|180|110|529|1.36
Jaga Mini canal|MCAN|Type 11|2700|180|110|578|1.36
Jaga Mini canal|MCAN|Type 11|2900|180|110|626|1.36
Jaga Mini canal|MCAN|Type 11|3100|180|110|674|1.36
Jaga Mini canal|MCAN|Type 11|3300|180|110|723|1.36
Jaga Mini canal|MCAN|Type 11|3700|180|110|819|1.36
Jaga Mini canal|MCAN|Type 11|4100|180|110|915|1.36
Jaga Mini canal|MCAN|Type 11|4500|180|110|1011|1.36
Jaga Mini canal|MCAN|Type 11|4900|180|110|1108|1.36
Jaga Mini canal|MCAN|Type 11|1100|260|110|259|1.36
Jaga Mini canal|MCAN|Type 11|1300|260|110|325|1.36
Jaga Mini canal|MCAN|Type 11|1500|260|110|391|1.36
Jaga Mini canal|MCAN|Type 11|1700|260|110|455|1.36
Jaga Mini canal|MCAN|Type 11|1900|260|110|520|1.36
Jaga Mini canal|MCAN|Type 11|2100|260|110|585|1.36
Jaga Mini canal|MCAN|Type 11|2300|260|110|650|1.36
Jaga Mini canal|MCAN|Type 11|2500|260|110|715|1.36
Jaga Mini canal|MCAN|Type 11|2700|260|110|780|1.36
Jaga Mini canal|MCAN|Type 11|2900|260|110|845|1.36
Jaga Mini canal|MCAN|Type 11|3100|260|110|910|1.36
Jaga Mini canal|MCAN|Type 11|3300|260|110|975|1.36
Jaga Mini canal|MCAN|Type 11|3700|260|110|1105|1.36
Jaga Mini canal|MCAN|Type 11|4100|260|110|1235|1.36
Jaga Mini canal|MCAN|Type 11|4500|260|110|1365|1.36
Jaga Mini canal|MCAN|Type 11|4900|260|110|1495|1.36
Jaga Mini canal|MCAN|Type 11|1100|340|110|338|1.36
Jaga Mini canal|MCAN|Type 11|1300|340|110|422|1.36
Jaga Mini canal|MCAN|Type 11|1500|340|110|506|1.36
Jaga Mini canal|MCAN|Type 11|1700|340|110|591|1.36
Jaga Mini canal|MCAN|Type 11|1900|340|110|675|1.36
Jaga Mini canal|MCAN|Type 11|2100|340|110|760|1.36
Jaga Mini canal|MCAN|Type 11|2300|340|110|844|1.36
Jaga Mini canal|MCAN|Type 11|2500|340|110|928|1.36
Jaga Mini canal|MCAN|Type 11|2700|340|110|1014|1.36
Jaga Mini canal|MCAN|Type 11|2900|340|110|1097|1.36
Jaga Mini canal|MCAN|Type 11|3100|340|110|1182|1.36
Jaga Mini canal|MCAN|Type 11|3300|340|110|1267|1.36
Jaga Mini canal|MCAN|Type 11|3700|340|110|1436|1.36
Jaga Mini canal|MCAN|Type 11|4100|340|110|1604|1.36
Jaga Mini canal|MCAN|Type 11|4500|340|110|1773|1.36
Jaga Mini canal|MCAN|Type 11|4900|340|110|1942|1.36
Jaga Mini canal|MCAN|Type 11|1100|420|110|474|1.36
Jaga Mini canal|MCAN|Type 11|1300|420|110|593|1.36
Jaga Mini canal|MCAN|Type 11|1500|420|110|712|1.36
Jaga Mini canal|MCAN|Type 11|1700|420|110|830|1.36
Jaga Mini canal|MCAN|Type 11|1900|420|110|950|1.36
Jaga Mini canal|MCAN|Type 11|2100|420|110|1068|1.36
Jaga Mini canal|MCAN|Type 11|2300|420|110|1187|1.36
Jaga Mini canal|MCAN|Type 11|2500|420|110|1306|1.36
Jaga Mini canal|MCAN|Type 11|2700|420|110|1424|1.36
Jaga Mini canal|MCAN|Type 11|2900|420|110|1543|1.36
Jaga Mini canal|MCAN|Type 11|3100|420|110|1661|1.36
Jaga Mini canal|MCAN|Type 11|3300|420|110|1780|1.36
Jaga Mini canal|MCAN|Type 11|3700|420|110|2017|1.36
Jaga Mini canal|MCAN|Type 11|4100|420|110|2254|1.36
Jaga Mini canal|MCAN|Type 11|4500|420|110|2492|1.36
Jaga Mini canal|MCAN|Type 11|4900|420|110|2730|1.36
Jaga Mini canal|MCAN|Type 14|1100|140|140|184|1.36
Jaga Mini canal|MCAN|Type 14|1300|140|140|231|1.36
Jaga Mini canal|MCAN|Type 14|1500|140|140|277|1.36
Jaga Mini canal|MCAN|Type 14|1700|140|140|323|1.36
Jaga Mini canal|MCAN|Type 14|1900|140|140|369|1.36
Jaga Mini canal|MCAN|Type 14|2100|140|140|415|1.36
Jaga Mini canal|MCAN|Type 14|2300|140|140|461|1.36
Jaga Mini canal|MCAN|Type 14|2500|140|140|508|1.36
Jaga Mini canal|MCAN|Type 14|2700|140|140|553|1.36
Jaga Mini canal|MCAN|Type 14|2900|140|140|600|1.36
Jaga Mini canal|MCAN|Type 14|3100|140|140|645|1.36
Jaga Mini canal|MCAN|Type 14|3300|140|140|692|1.36
Jaga Mini canal|MCAN|Type 14|3700|140|140|784|1.36
Jaga Mini canal|MCAN|Type 14|4100|140|140|876|1.36
Jaga Mini canal|MCAN|Type 14|4500|140|140|969|1.36
Jaga Mini canal|MCAN|Type 14|4900|140|140|1061|1.36
Jaga Mini canal|MCAN|Type 14|1100|260|140|321|1.36
Jaga Mini canal|MCAN|Type 14|1300|260|140|401|1.36
Jaga Mini canal|MCAN|Type 14|1500|260|140|480|1.36
Jaga Mini canal|MCAN|Type 14|1700|260|140|561|1.36
Jaga Mini canal|MCAN|Type 14|1900|260|140|641|1.36
Jaga Mini canal|MCAN|Type 14|2100|260|140|721|1.36
Jaga Mini canal|MCAN|Type 14|2300|260|140|801|1.36
Jaga Mini canal|MCAN|Type 14|2500|260|140|881|1.36
Jaga Mini canal|MCAN|Type 14|2700|260|140|962|1.36
Jaga Mini canal|MCAN|Type 14|2900|260|140|1041|1.36
Jaga Mini canal|MCAN|Type 14|3100|260|140|1122|1.36
Jaga Mini canal|MCAN|Type 14|3300|260|140|1202|1.36
Jaga Mini canal|MCAN|Type 14|3700|260|140|1362|1.36
Jaga Mini canal|MCAN|Type 14|4100|260|140|1521|1.36
Jaga Mini canal|MCAN|Type 14|4500|260|140|1681|1.36
Jaga Mini canal|MCAN|Type 14|4900|260|140|1841|1.36
Jaga Mini canal|MCAN|Type 14|1100|340|140|437|1.36
Jaga Mini canal|MCAN|Type 14|1300|340|140|546|1.36
Jaga Mini canal|MCAN|Type 14|1500|340|140|656|1.36
Jaga Mini canal|MCAN|Type 14|1700|340|140|764|1.36
Jaga Mini canal|MCAN|Type 14|1900|340|140|874|1.36
Jaga Mini canal|MCAN|Type 14|2100|340|140|983|1.36
Jaga Mini canal|MCAN|Type 14|2300|340|140|1093|1.36
Jaga Mini canal|MCAN|Type 14|2500|340|140|1202|1.36
Jaga Mini canal|MCAN|Type 14|2700|340|140|1310|1.36
Jaga Mini canal|MCAN|Type 14|2900|340|140|1420|1.36
Jaga Mini canal|MCAN|Type 14|3100|340|140|1529|1.36
Jaga Mini canal|MCAN|Type 14|3300|340|140|1639|1.36
Jaga Mini canal|MCAN|Type 14|3700|340|140|1857|1.36
Jaga Mini canal|MCAN|Type 14|4100|340|140|2076|1.36
Jaga Mini canal|MCAN|Type 14|4500|340|140|2294|1.36
Jaga Mini canal|MCAN|Type 14|4900|340|140|2513|1.36
Jaga Mini canal|MCAN|Type 14|1100|420|140|589|1.36
Jaga Mini canal|MCAN|Type 14|1300|420|140|737|1.36
Jaga Mini canal|MCAN|Type 14|1500|420|140|884|1.36
Jaga Mini canal|MCAN|Type 14|1700|420|140|1030|1.36
Jaga Mini canal|MCAN|Type 14|1900|420|140|1178|1.36
Jaga Mini canal|MCAN|Type 14|2100|420|140|1325|1.36
Jaga Mini canal|MCAN|Type 14|2300|420|140|1472|1.36
Jaga Mini canal|MCAN|Type 14|2500|420|140|1620|1.36
Jaga Mini canal|MCAN|Type 14|2700|420|140|1767|1.36
Jaga Mini canal|MCAN|Type 14|2900|420|140|1914|1.36
Jaga Mini canal|MCAN|Type 14|3100|420|140|2062|1.36
Jaga Mini canal|MCAN|Type 14|3300|420|140|2209|1.36
Jaga Mini canal|MCAN|Type 14|3700|420|140|2504|1.36
Jaga Mini canal|MCAN|Type 14|4100|420|140|2797|1.36
Jaga Mini canal|MCAN|Type 14|4500|420|140|3092|1.36
Jaga Mini canal|MCAN|Type 14|4900|420|140|3387|1.36
Jaga Mini canal|MCAN|Type 19|1100|260|190|365|1.36
Jaga Mini canal|MCAN|Type 19|1300|260|190|455|1.36
Jaga Mini canal|MCAN|Type 19|1500|260|190|546|1.36
Jaga Mini canal|MCAN|Type 19|1700|260|190|637|1.36
Jaga Mini canal|MCAN|Type 19|1900|260|190|727|1.36
Jaga Mini canal|MCAN|Type 19|2100|260|190|819|1.36
Jaga Mini canal|MCAN|Type 19|2300|260|190|910|1.36
Jaga Mini canal|MCAN|Type 19|2500|260|190|1001|1.36
Jaga Mini canal|MCAN|Type 19|2700|260|190|1092|1.36
Jaga Mini canal|MCAN|Type 19|2900|260|190|1182|1.36
Jaga Mini canal|MCAN|Type 19|3100|260|190|1274|1.36
Jaga Mini canal|MCAN|Type 19|3300|260|190|1364|1.36
Jaga Mini canal|MCAN|Type 19|3700|260|190|1547|1.36
Jaga Mini canal|MCAN|Type 19|4100|260|190|1729|1.36
Jaga Mini canal|MCAN|Type 19|4500|260|190|1910|1.36
Jaga Mini canal|MCAN|Type 19|4900|260|190|2092|1.36
Jaga Mini canal|MCAN|Type 19|1100|340|190|493|1.36
Jaga Mini canal|MCAN|Type 19|1300|340|190|616|1.36
Jaga Mini canal|MCAN|Type 19|1500|340|190|739|1.36
Jaga Mini canal|MCAN|Type 19|1700|340|190|862|1.36
Jaga Mini canal|MCAN|Type 19|1900|340|190|985|1.36
Jaga Mini canal|MCAN|Type 19|2100|340|190|1109|1.36
Jaga Mini canal|MCAN|Type 19|2300|340|190|1231|1.36
Jaga Mini canal|MCAN|Type 19|2500|340|190|1355|1.36
Jaga Mini canal|MCAN|Type 19|2700|340|190|1479|1.36
Jaga Mini canal|MCAN|Type 19|2900|340|190|1601|1.36
Jaga Mini canal|MCAN|Type 19|3100|340|190|1724|1.36
Jaga Mini canal|MCAN|Type 19|3300|340|190|1848|1.36
Jaga Mini canal|MCAN|Type 19|3700|340|190|2094|1.36
Jaga Mini canal|MCAN|Type 19|4100|340|190|2340|1.36
Jaga Mini canal|MCAN|Type 19|4500|340|190|2586|1.36
Jaga Mini canal|MCAN|Type 19|4900|340|190|2833|1.36
Jaga Mini canal|MCAN|Type 19|1100|420|190|677|1.36
Jaga Mini canal|MCAN|Type 19|1300|420|190|845|1.36
Jaga Mini canal|MCAN|Type 19|1500|420|190|1015|1.36
Jaga Mini canal|MCAN|Type 19|1700|420|190|1184|1.36
Jaga Mini canal|MCAN|Type 19|1900|420|190|1353|1.36
Jaga Mini canal|MCAN|Type 19|2100|420|190|1522|1.36
Jaga Mini canal|MCAN|Type 19|2300|420|190|1692|1.36
Jaga Mini canal|MCAN|Type 19|2500|420|190|1861|1.36
Jaga Mini canal|MCAN|Type 19|2700|420|190|2029|1.36
Jaga Mini canal|MCAN|Type 19|2900|420|190|2199|1.36
Jaga Mini canal|MCAN|Type 19|3100|420|190|2369|1.36
Jaga Mini canal|MCAN|Type 19|3300|420|190|2537|1.36
Jaga Mini canal|MCAN|Type 19|3700|420|190|2876|1.36
Jaga Mini canal|MCAN|Type 19|4100|420|190|3214|1.36
Jaga Mini canal|MCAN|Type 19|4500|420|190|3553|1.36
Jaga Mini canal|MCAN|Type 19|4900|420|190|3891|1.36