Manufacture|Type|SubType|Width|Height|Depth|Power|nValue
Vasco Agave|RA-B1|HRM|500|682|54|402|1.36
Vasco Agave|RA-B1|HRM|600|682|54|481|1.36
Vasco Agave|RA-B1|HRM|750|682|54|601|1.36
Vasco Agave|RA-B1|HRM|850|682|54|680|1.36
Vasco Agave|RA-B1|HRM|500|1114|54|639|1.36
Vasco Agave|RA-B1|HRM|600|1114|54|766|1.36
Vasco Agave|RA-B1|HRM|750|1114|54|955|1.36
Vasco Agave|RA-B1|HRM|850|1114|54|1082|1.36
Vasco Agave|RA-B1|HRM|500|1726|54|968|1.36
Vasco Agave|RA-B1|HRM|600|1726|54|1159|1.36
Vasco Agave|RA-B1|HRM|750|1726|54|1447|1.36
Vasco Agave|RA-B1|HRM|850|1726|54|1639|1.36
Vasco Agave|RA-B1|HRM|500|2014|54|1149|1.36
Vasco Agave|RA-B1|HRM|600|2014|54|1345|1.36
Vasco Agave|RA-B1|HRM|750|2014|54|1640|1.36
Vasco Agave|RA-B1|HRM|850|2014|54|1838|1.36
