Manufacture|Type|SubType|Width|Height|Depth|Power|nValue
Vasco Primula|RA-D1|P1|500|70|80|203|1.36
Vasco Primula|RA-D1|P1|600|70|80|243|1.36
Vasco Primula|RA-D1|P1|700|70|80|284|1.36
Vasco Primula|RA-D1|P1|800|70|80|324|1.36
Vasco Primula|RA-D1|P1|900|70|80|365|1.36
Vasco Primula|RA-D1|P1|1000|70|80|405|1.36
Vasco Primula|RA-D1|P1|1100|70|80|446|1.36
Vasco Primula|RA-D1|P1|1200|70|80|486|1.36
Vasco Primula|RA-D1|P1|1400|70|80|567|1.36
Vasco Primula|RA-D1|P1|1600|70|80|648|1.36
Vasco Primula|RA-D1|P1|1800|70|80|729|1.36
Vasco Primula|RA-D1|P1|2000|70|80|810|1.36
Vasco Primula|RA-D1|P1|2200|70|80|891|1.36
Vasco Primula|RA-D1|P1|2400|70|80|972|1.36
Vasco Primula|RA-D1|P1|2600|70|80|1053|1.36
Vasco Primula|RA-D1|P1|2800|70|80|1134|1.36
Vasco Primula|RA-D1|P1|3000|70|80|1215|1.36
Vasco Primula|RA-D1|P1|3300|70|80|1337|1.36
Vasco Primula|RA-D1|P1|3600|70|80|1458|1.36
Vasco Primula|RA-D1|P1|3900|70|80|1580|1.36
Vasco Primula|RA-D1|P1|500|70|130|312|1.36
Vasco Primula|RA-D1|P1|600|70|130|374|1.36
Vasco Primula|RA-D1|P1|700|70|130|437|1.36
Vasco Primula|RA-D1|P1|800|70|130|499|1.36
Vasco Primula|RA-D1|P1|900|70|130|562|1.36
Vasco Primula|RA-D1|P1|1000|70|130|624|1.36
Vasco Primula|RA-D1|P1|1100|70|130|686|1.36
Vasco Primula|RA-D1|P1|1200|70|130|749|1.36
Vasco Primula|RA-D1|P1|1400|70|130|874|1.36
Vasco Primula|RA-D1|P1|1600|70|130|998|1.36
Vasco Primula|RA-D1|P1|1800|70|130|1123|1.36
Vasco Primula|RA-D1|P1|2000|70|130|1248|1.36
Vasco Primula|RA-D1|P1|2200|70|130|1373|1.36
Vasco Primula|RA-D1|P1|2400|70|130|1498|1.36
Vasco Primula|RA-D1|P1|2600|70|130|1622|1.36
Vasco Primula|RA-D1|P1|2800|70|130|1747|1.36
Vasco Primula|RA-D1|P1|3000|70|130|1872|1.36
Vasco Primula|RA-D1|P1|3300|70|130|2059|1.36
Vasco Primula|RA-D1|P1|3600|70|130|2246|1.36
Vasco Primula|RA-D1|P1|3900|70|130|2434|1.36
Vasco Primula|RA-D1|P1|500|70|180|422|1.35
Vasco Primula|RA-D1|P1|600|70|180|506|1.35
Vasco Primula|RA-D1|P1|700|70|180|590|1.35
Vasco Primula|RA-D1|P1|800|70|180|674|1.35
Vasco Primula|RA-D1|P1|900|70|180|759|1.35
Vasco Primula|RA-D1|P1|1000|70|180|843|1.35
Vasco Primula|RA-D1|P1|1100|70|180|927|1.35
Vasco Primula|RA-D1|P1|1200|70|180|1012|1.35
Vasco Primula|RA-D1|P1|1400|70|180|1180|1.35
Vasco Primula|RA-D1|P1|1600|70|180|1349|1.35
Vasco Primula|RA-D1|P1|1800|70|180|1517|1.35
Vasco Primula|RA-D1|P1|2000|70|180|1686|1.35
Vasco Primula|RA-D1|P1|2200|70|180|1855|1.35
Vasco Primula|RA-D1|P1|2400|70|180|2023|1.35
Vasco Primula|RA-D1|P1|2600|70|180|2192|1.35
Vasco Primula|RA-D1|P1|2800|70|180|2360|1.35
Vasco Primula|RA-D1|P1|3000|70|180|2529|1.35
Vasco Primula|RA-D1|P1|3300|70|180|2782|1.35
Vasco Primula|RA-D1|P1|3600|70|180|3035|1.35
Vasco Primula|RA-D1|P1|3900|70|180|3288|1.35
Vasco Primula|RA-D1|P1|500|70|230|523|1.38
Vasco Primula|RA-D1|P1|600|70|230|627|1.38
Vasco Primula|RA-D1|P1|700|70|230|732|1.38
Vasco Primula|RA-D1|P1|800|70|230|836|1.38
Vasco Primula|RA-D1|P1|900|70|230|941|1.38
Vasco Primula|RA-D1|P1|1000|70|230|1045|1.38
Vasco Primula|RA-D1|P1|1100|70|230|1150|1.38
Vasco Primula|RA-D1|P1|1200|70|230|1254|1.38
Vasco Primula|RA-D1|P1|1400|70|230|1463|1.38
Vasco Primula|RA-D1|P1|1600|70|230|1672|1.38
Vasco Primula|RA-D1|P1|1800|70|230|1881|1.38
Vasco Primula|RA-D1|P1|2000|70|230|2090|1.38
Vasco Primula|RA-D1|P1|2200|70|230|2299|1.38
Vasco Primula|RA-D1|P1|2400|70|230|2508|1.38
Vasco Primula|RA-D1|P1|2600|70|230|2717|1.38
Vasco Primula|RA-D1|P1|2800|70|230|2926|1.38
Vasco Primula|RA-D1|P1|3000|70|230|3135|1.38
Vasco Primula|RA-D1|P1|3300|70|230|3449|1.38
Vasco Primula|RA-D1|P1|3600|70|230|3762|1.38
Vasco Primula|RA-D1|P1|3900|70|230|4076|1.38
Vasco Primula|RA-D1|P1|500|70|280|630|1.36
Vasco Primula|RA-D1|P1|600|70|280|756|1.36
Vasco Primula|RA-D1|P1|700|70|280|882|1.36
Vasco Primula|RA-D1|P1|800|70|280|1008|1.36
Vasco Primula|RA-D1|P1|900|70|280|1134|1.36
Vasco Primula|RA-D1|P1|1000|70|280|1260|1.36
Vasco Primula|RA-D1|P1|1100|70|280|1386|1.36
Vasco Primula|RA-D1|P1|1200|70|280|1512|1.36
Vasco Primula|RA-D1|P1|1400|70|280|1764|1.36
Vasco Primula|RA-D1|P1|1600|70|280|2016|1.36
Vasco Primula|RA-D1|P1|1800|70|280|2268|1.36
Vasco Primula|RA-D1|P1|2000|70|280|2520|1.36
Vasco Primula|RA-D1|P1|2200|70|280|2772|1.36
Vasco Primula|RA-D1|P1|2400|70|280|3024|1.36
Vasco Primula|RA-D1|P1|2600|70|280|3276|1.36
Vasco Primula|RA-D1|P1|2800|70|280|3528|1.36
Vasco Primula|RA-D1|P1|3000|70|280|3780|1.36
Vasco Primula|RA-D1|P1|3300|70|280|4158|1.36
Vasco Primula|RA-D1|P1|3600|70|280|4536|1.36
Vasco Primula|RA-D1|P1|3900|70|280|4914|1.36
Vasco Primula|RA-D1|P2|500|140|80|304|1.35
Vasco Primula|RA-D1|P2|600|140|80|365|1.35
Vasco Primula|RA-D1|P2|700|140|80|426|1.35
Vasco Primula|RA-D1|P2|800|140|80|486|1.35
Vasco Primula|RA-D1|P2|900|140|80|547|1.35
Vasco Primula|RA-D1|P2|1000|140|80|608|1.35
Vasco Primula|RA-D1|P2|1100|140|80|669|1.35
Vasco Primula|RA-D1|P2|1200|140|80|730|1.35
Vasco Primula|RA-D1|P2|1400|140|80|851|1.35
Vasco Primula|RA-D1|P2|1600|140|80|973|1.35
Vasco Primula|RA-D1|P2|1800|140|80|1094|1.35
Vasco Primula|RA-D1|P2|2000|140|80|1216|1.35
Vasco Primula|RA-D1|P2|2200|140|80|1338|1.35
Vasco Primula|RA-D1|P2|2400|140|80|1459|1.35
Vasco Primula|RA-D1|P2|2600|140|80|1581|1.35
Vasco Primula|RA-D1|P2|2800|140|80|1702|1.35
Vasco Primula|RA-D1|P2|3000|140|80|1824|1.35
Vasco Primula|RA-D1|P2|3300|140|80|2006|1.35
Vasco Primula|RA-D1|P2|3600|140|80|2189|1.35
Vasco Primula|RA-D1|P2|3900|140|80|2371|1.35
Vasco Primula|RA-D1|P2|500|140|130|442|1.36
Vasco Primula|RA-D1|P2|600|140|130|530|1.36
Vasco Primula|RA-D1|P2|700|140|130|619|1.36
Vasco Primula|RA-D1|P2|800|140|130|707|1.36
Vasco Primula|RA-D1|P2|900|140|130|796|1.36
Vasco Primula|RA-D1|P2|1000|140|130|884|1.36
Vasco Primula|RA-D1|P2|1100|140|130|972|1.36
Vasco Primula|RA-D1|P2|1200|140|130|1061|1.36
Vasco Primula|RA-D1|P2|1400|140|130|1238|1.36
Vasco Primula|RA-D1|P2|1600|140|130|1414|1.36
Vasco Primula|RA-D1|P2|1800|140|130|1591|1.36
Vasco Primula|RA-D1|P2|2000|140|130|1768|1.36
Vasco Primula|RA-D1|P2|2200|140|130|1945|1.36
Vasco Primula|RA-D1|P2|2400|140|130|2122|1.36
Vasco Primula|RA-D1|P2|2600|140|130|2298|1.36
Vasco Primula|RA-D1|P2|2800|140|130|2475|1.36
Vasco Primula|RA-D1|P2|3000|140|130|2652|1.36
Vasco Primula|RA-D1|P2|3300|140|130|2917|1.36
Vasco Primula|RA-D1|P2|3600|140|130|3182|1.36
Vasco Primula|RA-D1|P2|3900|140|130|3448|1.36
Vasco Primula|RA-D1|P2|500|140|180|611|1.36
Vasco Primula|RA-D1|P2|600|140|180|733|1.36
Vasco Primula|RA-D1|P2|700|140|180|855|1.36
Vasco Primula|RA-D1|P2|800|140|180|977|1.36
Vasco Primula|RA-D1|P2|900|140|180|1099|1.36
Vasco Primula|RA-D1|P2|1000|140|180|1221|1.36
Vasco Primula|RA-D1|P2|1100|140|180|1343|1.36
Vasco Primula|RA-D1|P2|1200|140|180|1465|1.36
Vasco Primula|RA-D1|P2|1400|140|180|1709|1.36
Vasco Primula|RA-D1|P2|1600|140|180|1954|1.36
Vasco Primula|RA-D1|P2|1800|140|180|2198|1.36
Vasco Primula|RA-D1|P2|2000|140|180|2442|1.36
Vasco Primula|RA-D1|P2|2200|140|180|2686|1.36
Vasco Primula|RA-D1|P2|2400|140|180|2930|1.36
Vasco Primula|RA-D1|P2|2600|140|180|3175|1.36
Vasco Primula|RA-D1|P2|2800|140|180|3419|1.36
Vasco Primula|RA-D1|P2|3000|140|180|3663|1.36
Vasco Primula|RA-D1|P2|3300|140|180|4029|1.36
Vasco Primula|RA-D1|P2|3600|140|180|4396|1.36
Vasco Primula|RA-D1|P2|3900|140|180|4762|1.36
Vasco Primula|RA-D1|P2|500|140|230|756|1.37
Vasco Primula|RA-D1|P2|600|140|230|907|1.37
Vasco Primula|RA-D1|P2|700|140|230|1058|1.37
Vasco Primula|RA-D1|P2|800|140|230|1209|1.37
Vasco Primula|RA-D1|P2|900|140|230|1360|1.37
Vasco Primula|RA-D1|P2|1000|140|230|1511|1.37
Vasco Primula|RA-D1|P2|1100|140|230|1662|1.37
Vasco Primula|RA-D1|P2|1200|140|230|1813|1.37
Vasco Primula|RA-D1|P2|1400|140|230|2115|1.37
Vasco Primula|RA-D1|P2|1600|140|230|2418|1.37
Vasco Primula|RA-D1|P2|1800|140|230|2720|1.37
Vasco Primula|RA-D1|P2|2000|140|230|3022|1.37
Vasco Primula|RA-D1|P2|2200|140|230|3324|1.37
Vasco Primula|RA-D1|P2|2400|140|230|3626|1.37
Vasco Primula|RA-D1|P2|2600|140|230|3929|1.37
Vasco Primula|RA-D1|P2|2800|140|230|4231|1.37
Vasco Primula|RA-D1|P2|3000|140|230|4533|1.37
Vasco Primula|RA-D1|P2|3300|140|230|4986|1.37
Vasco Primula|RA-D1|P2|3600|140|230|5440|1.37
Vasco Primula|RA-D1|P2|3900|140|230|5893|1.37
Vasco Primula|RA-D1|P2|500|140|280|953|1.37
Vasco Primula|RA-D1|P2|600|140|280|1143|1.37
Vasco Primula|RA-D1|P2|700|140|280|1334|1.37
Vasco Primula|RA-D1|P2|800|140|280|1524|1.37
Vasco Primula|RA-D1|P2|900|140|280|1715|1.37
Vasco Primula|RA-D1|P2|1000|140|280|1905|1.37
Vasco Primula|RA-D1|P2|1100|140|280|2096|1.37
Vasco Primula|RA-D1|P2|1200|140|280|2286|1.37
Vasco Primula|RA-D1|P2|1400|140|280|2667|1.37
Vasco Primula|RA-D1|P2|1600|140|280|3048|1.37
Vasco Primula|RA-D1|P2|1800|140|280|3429|1.37
Vasco Primula|RA-D1|P2|2000|140|280|3810|1.37
Vasco Primula|RA-D1|P2|2200|140|280|4191|1.37
Vasco Primula|RA-D1|P2|2400|140|280|4572|1.37
Vasco Primula|RA-D1|P2|2600|140|280|4953|1.37
Vasco Primula|RA-D1|P2|2800|140|280|5334|1.37
Vasco Primula|RA-D1|P2|3000|140|280|5715|1.37
Vasco Primula|RA-D1|P2|3300|140|280|6287|1.37
Vasco Primula|RA-D1|P2|3600|140|280|6858|1.37
Vasco Primula|RA-D1|P2|3900|140|280|7430|1.37
Vasco Primula|RA-D1|P3|500|210|80|378|1.35
Vasco Primula|RA-D1|P3|600|210|80|454|1.35
Vasco Primula|RA-D1|P3|700|210|80|529|1.35
Vasco Primula|RA-D1|P3|800|210|80|605|1.35
Vasco Primula|RA-D1|P3|900|210|80|680|1.35
Vasco Primula|RA-D1|P3|1000|210|80|756|1.35
Vasco Primula|RA-D1|P3|1100|210|80|832|1.35
Vasco Primula|RA-D1|P3|1200|210|80|907|1.35
Vasco Primula|RA-D1|P3|1400|210|80|1058|1.35
Vasco Primula|RA-D1|P3|1600|210|80|1210|1.35
Vasco Primula|RA-D1|P3|1800|210|80|1361|1.35
Vasco Primula|RA-D1|P3|2000|210|80|1512|1.35
Vasco Primula|RA-D1|P3|2200|210|80|1663|1.35
Vasco Primula|RA-D1|P3|2400|210|80|1814|1.35
Vasco Primula|RA-D1|P3|2600|210|80|1966|1.35
Vasco Primula|RA-D1|P3|2800|210|80|2117|1.35
Vasco Primula|RA-D1|P3|3000|210|80|2268|1.35
Vasco Primula|RA-D1|P3|3300|210|80|2495|1.35
Vasco Primula|RA-D1|P3|3600|210|80|2722|1.35
Vasco Primula|RA-D1|P3|3900|210|80|2948|1.35
Vasco Primula|RA-D1|P3|500|210|130|560|1.35
Vasco Primula|RA-D1|P3|600|210|130|672|1.35
Vasco Primula|RA-D1|P3|700|210|130|784|1.35
Vasco Primula|RA-D1|P3|800|210|130|896|1.35
Vasco Primula|RA-D1|P3|900|210|130|1008|1.35
Vasco Primula|RA-D1|P3|1000|210|130|1120|1.35
Vasco Primula|RA-D1|P3|1100|210|130|1232|1.35
Vasco Primula|RA-D1|P3|1200|210|130|1344|1.35
Vasco Primula|RA-D1|P3|1400|210|130|1568|1.35
Vasco Primula|RA-D1|P3|1600|210|130|1792|1.35
Vasco Primula|RA-D1|P3|1800|210|130|2016|1.35
Vasco Primula|RA-D1|P3|2000|210|130|2240|1.35
Vasco Primula|RA-D1|P3|2200|210|130|2464|1.35
Vasco Primula|RA-D1|P3|2400|210|130|2688|1.35
Vasco Primula|RA-D1|P3|2600|210|130|2912|1.35
Vasco Primula|RA-D1|P3|2800|210|130|3136|1.35
Vasco Primula|RA-D1|P3|3000|210|130|3360|1.35
Vasco Primula|RA-D1|P3|3300|210|130|3696|1.35
Vasco Primula|RA-D1|P3|3600|210|130|4032|1.35
Vasco Primula|RA-D1|P3|3900|210|130|4368|1.35
Vasco Primula|RA-D1|P3|500|210|180|771|1.38
Vasco Primula|RA-D1|P3|600|210|180|925|1.38
Vasco Primula|RA-D1|P3|700|210|180|1079|1.38
Vasco Primula|RA-D1|P3|800|210|180|1233|1.38
Vasco Primula|RA-D1|P3|900|210|180|1387|1.38
Vasco Primula|RA-D1|P3|1000|210|180|1541|1.38
Vasco Primula|RA-D1|P3|1100|210|180|1695|1.38
Vasco Primula|RA-D1|P3|1200|210|180|1849|1.38
Vasco Primula|RA-D1|P3|1400|210|180|2157|1.38
Vasco Primula|RA-D1|P3|1600|210|180|2466|1.38
Vasco Primula|RA-D1|P3|1800|210|180|2774|1.38
Vasco Primula|RA-D1|P3|2000|210|180|3082|1.38
Vasco Primula|RA-D1|P3|2200|210|180|3390|1.38
Vasco Primula|RA-D1|P3|2400|210|180|3698|1.38
Vasco Primula|RA-D1|P3|2600|210|180|4007|1.38
Vasco Primula|RA-D1|P3|2800|210|180|4315|1.38
Vasco Primula|RA-D1|P3|3000|210|180|4623|1.38
Vasco Primula|RA-D1|P3|3300|210|180|5085|1.38
Vasco Primula|RA-D1|P3|3600|210|180|5548|1.38
Vasco Primula|RA-D1|P3|3900|210|180|6010|1.38
Vasco Primula|RA-D1|P3|500|210|230|950|1.37
Vasco Primula|RA-D1|P3|600|210|230|1140|1.37
Vasco Primula|RA-D1|P3|700|210|230|1330|1.37
Vasco Primula|RA-D1|P3|800|210|230|1520|1.37
Vasco Primula|RA-D1|P3|900|210|230|1710|1.37
Vasco Primula|RA-D1|P3|1000|210|230|1900|1.37
Vasco Primula|RA-D1|P3|1100|210|230|2090|1.37
Vasco Primula|RA-D1|P3|1200|210|230|2280|1.37
Vasco Primula|RA-D1|P3|1400|210|230|2660|1.37
Vasco Primula|RA-D1|P3|1600|210|230|3040|1.37
Vasco Primula|RA-D1|P3|1800|210|230|3420|1.37
Vasco Primula|RA-D1|P3|2000|210|230|3800|1.37
Vasco Primula|RA-D1|P3|2200|210|230|4180|1.37
Vasco Primula|RA-D1|P3|2400|210|230|4560|1.37
Vasco Primula|RA-D1|P3|2600|210|230|4940|1.37
Vasco Primula|RA-D1|P3|2800|210|230|5320|1.37
Vasco Primula|RA-D1|P3|3000|210|230|5700|1.37
Vasco Primula|RA-D1|P3|3300|210|230|6270|1.37
Vasco Primula|RA-D1|P3|3600|210|230|6840|1.37
Vasco Primula|RA-D1|P3|3900|210|230|7410|1.37
Vasco Primula|RA-D1|P3|500|210|280|1176|1.38
Vasco Primula|RA-D1|P3|600|210|280|1411|1.38
Vasco Primula|RA-D1|P3|700|210|280|1646|1.38
Vasco Primula|RA-D1|P3|800|210|280|1881|1.38
Vasco Primula|RA-D1|P3|900|210|280|2116|1.38
Vasco Primula|RA-D1|P3|1000|210|280|2351|1.38
Vasco Primula|RA-D1|P3|1100|210|280|2586|1.38
Vasco Primula|RA-D1|P3|1200|210|280|2821|1.38
Vasco Primula|RA-D1|P3|1400|210|280|3291|1.38
Vasco Primula|RA-D1|P3|1600|210|280|3762|1.38
Vasco Primula|RA-D1|P3|1800|210|280|4232|1.38
Vasco Primula|RA-D1|P3|2000|210|280|4702|1.38
Vasco Primula|RA-D1|P3|2200|210|280|5172|1.38
Vasco Primula|RA-D1|P3|2400|210|280|5642|1.38
Vasco Primula|RA-D1|P3|2600|210|280|6113|1.38
Vasco Primula|RA-D1|P3|2800|210|280|6583|1.38
Vasco Primula|RA-D1|P3|3000|210|280|7053|1.38
Vasco Primula|RA-D1|P3|3300|210|280|7758|1.38
Vasco Primula|RA-D1|P3|3600|210|280|8464|1.38
Vasco Primula|RA-D1|P4|500|280|80|435|1.34
Vasco Primula|RA-D1|P4|600|280|80|522|1.34
Vasco Primula|RA-D1|P4|700|280|80|609|1.34
Vasco Primula|RA-D1|P4|800|280|80|696|1.34
Vasco Primula|RA-D1|P4|900|280|80|783|1.34
Vasco Primula|RA-D1|P4|1000|280|80|870|1.34
Vasco Primula|RA-D1|P4|1100|280|80|957|1.34
Vasco Primula|RA-D1|P4|1200|280|80|1044|1.34
Vasco Primula|RA-D1|P4|1400|280|80|1218|1.34
Vasco Primula|RA-D1|P4|1600|280|80|1392|1.34
Vasco Primula|RA-D1|P4|1800|280|80|1566|1.34
Vasco Primula|RA-D1|P4|2000|280|80|1740|1.34
Vasco Primula|RA-D1|P4|2200|280|80|1914|1.34
Vasco Primula|RA-D1|P4|2400|280|80|2088|1.34
Vasco Primula|RA-D1|P4|2600|280|80|2262|1.34
Vasco Primula|RA-D1|P4|2800|280|80|2436|1.34
Vasco Primula|RA-D1|P4|3000|280|80|2610|1.34
Vasco Primula|RA-D1|P4|3300|280|80|2871|1.34
Vasco Primula|RA-D1|P4|3600|280|80|3132|1.34
Vasco Primula|RA-D1|P4|3900|280|80|3393|1.34
Vasco Primula|RA-D1|P4|500|280|130|678|1.39
Vasco Primula|RA-D1|P4|600|280|130|813|1.39
Vasco Primula|RA-D1|P4|700|280|130|949|1.39
Vasco Primula|RA-D1|P4|800|280|130|1084|1.39
Vasco Primula|RA-D1|P4|900|280|130|1220|1.39
Vasco Primula|RA-D1|P4|1000|280|130|1355|1.39
Vasco Primula|RA-D1|P4|1100|280|130|1491|1.39
Vasco Primula|RA-D1|P4|1200|280|130|1626|1.39
Vasco Primula|RA-D1|P4|1400|280|130|1897|1.39
Vasco Primula|RA-D1|P4|1600|280|130|2168|1.39
Vasco Primula|RA-D1|P4|1800|280|130|2439|1.39
Vasco Primula|RA-D1|P4|2000|280|130|2710|1.39
Vasco Primula|RA-D1|P4|2200|280|130|2981|1.39
Vasco Primula|RA-D1|P4|2400|280|130|3252|1.39
Vasco Primula|RA-D1|P4|2600|280|130|3523|1.39
Vasco Primula|RA-D1|P4|2800|280|130|3794|1.39
Vasco Primula|RA-D1|P4|3000|280|130|4065|1.39
Vasco Primula|RA-D1|P4|3300|280|130|4472|1.39
Vasco Primula|RA-D1|P4|3600|280|130|4878|1.39
Vasco Primula|RA-D1|P4|3900|280|130|5285|1.39
Vasco Primula|RA-D1|P4|500|280|180|919|1.4
Vasco Primula|RA-D1|P4|600|280|180|1103|1.4
Vasco Primula|RA-D1|P4|700|280|180|1287|1.4
Vasco Primula|RA-D1|P4|800|280|180|1470|1.4
Vasco Primula|RA-D1|P4|900|280|180|1654|1.4
Vasco Primula|RA-D1|P4|1000|280|180|1838|1.4
Vasco Primula|RA-D1|P4|1100|280|180|2022|1.4
Vasco Primula|RA-D1|P4|1200|280|180|2206|1.4
Vasco Primula|RA-D1|P4|1400|280|180|2573|1.4
Vasco Primula|RA-D1|P4|1600|280|180|2941|1.4
Vasco Primula|RA-D1|P4|1800|280|180|3308|1.4
Vasco Primula|RA-D1|P4|2000|280|180|3676|1.4
Vasco Primula|RA-D1|P4|2200|280|180|4044|1.4
Vasco Primula|RA-D1|P4|2400|280|180|4411|1.4
Vasco Primula|RA-D1|P4|2600|280|180|4779|1.4
Vasco Primula|RA-D1|P4|2800|280|180|5146|1.4
Vasco Primula|RA-D1|P4|3000|280|180|5514|1.4
Vasco Primula|RA-D1|P4|3300|280|180|6065|1.4
Vasco Primula|RA-D1|P4|3600|280|180|6617|1.4
Vasco Primula|RA-D1|P4|3900|280|180|7168|1.4
Vasco Primula|RA-D1|P4|500|280|230|1129|1.4
Vasco Primula|RA-D1|P4|600|280|230|1355|1.4
Vasco Primula|RA-D1|P4|700|280|230|1581|1.4
Vasco Primula|RA-D1|P4|800|280|230|1806|1.4
Vasco Primula|RA-D1|P4|900|280|230|2032|1.4
Vasco Primula|RA-D1|P4|1000|280|230|2258|1.4
Vasco Primula|RA-D1|P4|1100|280|230|2484|1.4
Vasco Primula|RA-D1|P4|1200|280|230|2710|1.4
Vasco Primula|RA-D1|P4|1400|280|230|3161|1.4
Vasco Primula|RA-D1|P4|1600|280|230|3613|1.4
Vasco Primula|RA-D1|P4|1800|280|230|4064|1.4
Vasco Primula|RA-D1|P4|2000|280|230|4516|1.4
Vasco Primula|RA-D1|P4|2200|280|230|4968|1.4
Vasco Primula|RA-D1|P4|2400|280|230|5419|1.4
Vasco Primula|RA-D1|P4|2600|280|230|5871|1.4
Vasco Primula|RA-D1|P4|2800|280|230|6322|1.4
Vasco Primula|RA-D1|P4|3000|280|230|6774|1.4
Vasco Primula|RA-D1|P4|3300|280|230|7451|1.4
Vasco Primula|RA-D1|P4|500|280|280|1335|1.4
Vasco Primula|RA-D1|P4|600|280|280|1602|1.4
Vasco Primula|RA-D1|P4|700|280|280|1869|1.4
Vasco Primula|RA-D1|P4|800|280|280|2136|1.4
Vasco Primula|RA-D1|P4|900|280|280|2403|1.4
Vasco Primula|RA-D1|P4|1000|280|280|2670|1.4
Vasco Primula|RA-D1|P4|1100|280|280|2937|1.4
Vasco Primula|RA-D1|P4|1200|280|280|3204|1.4
Vasco Primula|RA-D1|P4|1400|280|280|3738|1.4
Vasco Primula|RA-D1|P4|1600|280|280|4272|1.4
Vasco Primula|RA-D1|P4|1800|280|280|4806|1.4
Vasco Primula|RA-D1|P4|2000|280|280|5340|1.4
Vasco Primula|RA-D1|P4|2200|280|280|5874|1.4
Vasco Primula|RA-D1|P4|2400|280|280|6408|1.4
Vasco Primula|RA-D1|P4|2600|280|280|6942|1.4
Vasco Primula|RA-D1|P4|2800|280|280|7476|1.4
