Manufacture;Type;SubType;Width;Height;Depth;Power;nValue
Radson Parada;RA-P2;21S;450;300;72;339;1.31
Radson Parada;RA-P2;21S;600;300;72;452;1.31
Radson Parada;RA-P2;21S;750;300;72;566;1.31
Radson Parada;RA-P2;21S;900;300;72;679;1.31
Radson Parada;RA-P2;21S;1050;300;72;7|;1.31
Radson Parada;RA-P2;21S;1200;300;72;905;1.31
Radson Parada;RA-P2;21S;1350;300;72;1018;1.31
Radson Parada;RA-P2;21S;1500;300;72;1131;1.31
Radson Parada;RA-P2;21S;1650;300;72;1244;1.31
Radson Parada;RA-P2;21S;1800;300;72;1357;1.31
Radson Parada;RA-P2;21S;1950;300;72;1470;1.31
Radson Parada;RA-P2;21S;2100;300;72;1583;1.31
Radson Parada;RA-P2;21S;2250;300;72;1697;1.31
Radson Parada;RA-P2;21S;2400;300;72;1810;1.31
Radson Parada;RA-P2;21S;2550;300;72;1|3;1.31
Radson Parada;RA-P2;21S;2700;300;72;2036;1.31
Radson Parada;RA-P2;21S;3000;300;72;2262;1.31
Radson Parada;RA-P2;21S;450;400;72;421;1.32
Radson Parada;RA-P2;21S;600;400;72;562;1.32
Radson Parada;RA-P2;21S;750;400;72;702;1.32
Radson Parada;RA-P2;21S;900;400;72;842;1.32
Radson Parada;RA-P2;21S;1050;400;72;983;1.32
Radson Parada;RA-P2;21S;1200;400;72;1123;1.32
Radson Parada;RA-P2;21S;1350;400;72;1264;1.32
Radson Parada;RA-P2;21S;1500;400;72;1404;1.32
Radson Parada;RA-P2;21S;1650;400;72;1544;1.32
Radson Parada;RA-P2;21S;1800;400;72;1685;1.32
Radson Parada;RA-P2;21S;1950;400;72;1825;1.32
Radson Parada;RA-P2;21S;2100;400;72;1966;1.32
Radson Parada;RA-P2;21S;2250;400;72;2106;1.32
Radson Parada;RA-P2;21S;2400;400;72;2246;1.32
Radson Parada;RA-P2;21S;2550;400;72;2387;1.32
Radson Parada;RA-P2;21S;2700;400;72;2527;1.32
Radson Parada;RA-P2;21S;3000;400;72;2808;1.32
Radson Parada;RA-P2;21S;450;500;72;498;1.33
Radson Parada;RA-P2;21S;600;500;72;664;1.33
Radson Parada;RA-P2;21S;750;500;72;830;1.33
Radson Parada;RA-P2;21S;900;500;72;996;1.33
Radson Parada;RA-P2;21S;1050;500;72;1162;1.33
Radson Parada;RA-P2;21S;1200;500;72;1328;1.33
Radson Parada;RA-P2;21S;1350;500;72;1494;1.33
Radson Parada;RA-P2;21S;1500;500;72;1661;1.33
Radson Parada;RA-P2;21S;1650;500;72;1827;1.33
Radson Parada;RA-P2;21S;1800;500;72;1993;1.33
Radson Parada;RA-P2;21S;1950;500;72;2159;1.33
Radson Parada;RA-P2;21S;2100;500;72;2325;1.33
Radson Parada;RA-P2;21S;2250;500;72;2491;1.33
Radson Parada;RA-P2;21S;2400;500;72;2657;1.33
Radson Parada;RA-P2;21S;2550;500;72;2823;1.33
Radson Parada;RA-P2;21S;2700;500;72;2989;1.33
Radson Parada;RA-P2;21S;3000;500;72;3321;1.33
Radson Parada;RA-P2;21S;450;600;72;571;1.34
Radson Parada;RA-P2;21S;600;600;72;761;1.34
Radson Parada;RA-P2;21S;750;600;72;952;1.34
Radson Parada;RA-P2;21S;900;600;72;1142;1.34
Radson Parada;RA-P2;21S;1050;600;72;1332;1.34
Radson Parada;RA-P2;21S;1200;600;72;1523;1.34
Radson Parada;RA-P2;21S;1350;600;72;1713;1.34
Radson Parada;RA-P2;21S;1500;600;72;1904;1.34
Radson Parada;RA-P2;21S;1650;600;72;2094;1.34
Radson Parada;RA-P2;21S;1800;600;72;2284;1.34
Radson Parada;RA-P2;21S;1950;600;72;2475;1.34
Radson Parada;RA-P2;21S;2100;600;72;2665;1.34
Radson Parada;RA-P2;21S;2250;600;72;2855;1.34
Radson Parada;RA-P2;21S;2400;600;72;3046;1.34
Radson Parada;RA-P2;21S;2550;600;72;3236;1.34
Radson Parada;RA-P2;21S;2700;600;72;3426;1.34
Radson Parada;RA-P2;21S;3000;600;72;3807;1.34
Radson Parada;RA-P2;21S;450;750;72;676;1.36
Radson Parada;RA-P2;21S;600;750;72;901;1.36
Radson Parada;RA-P2;21S;750;750;72;1127;1.36
Radson Parada;RA-P2;21S;900;750;72;1352;1.36
Radson Parada;RA-P2;21S;1050;750;72;1577;1.36
Radson Parada;RA-P2;21S;1200;750;72;1802;1.36
Radson Parada;RA-P2;21S;1350;750;72;2028;1.36
Radson Parada;RA-P2;21S;1500;750;72;2253;1.36
Radson Parada;RA-P2;21S;1650;750;72;2478;1.36
Radson Parada;RA-P2;21S;1800;750;72;2704;1.36
Radson Parada;RA-P2;21S;1950;750;72;2|9;1.36
Radson Parada;RA-P2;21S;2100;750;72;3154;1.36
Radson Parada;RA-P2;21S;2250;750;72;3380;1.36
Radson Parada;RA-P2;21S;2400;750;72;3605;1.36
Radson Parada;RA-P2;21S;2550;750;72;3830;1.36
Radson Parada;RA-P2;21S;2700;750;72;4055;1.36
Radson Parada;RA-P2;21S;3000;750;72;4506;1.36
Radson Parada;RA-P2;21S;450;900;72;776;1.37
Radson Parada;RA-P2;21S;600;900;72;1034;1.37
Radson Parada;RA-P2;21S;750;900;72;1293;1.37
Radson Parada;RA-P2;21S;900;900;72;1552;1.37
Radson Parada;RA-P2;21S;1050;900;72;1810;1.37
Radson Parada;RA-P2;21S;1200;900;72;2069;1.37
Radson Parada;RA-P2;21S;1350;900;72;2327;1.37
Radson Parada;RA-P2;21S;1500;900;72;2586;1.37
Radson Parada;RA-P2;21S;1650;900;72;2845;1.37
Radson Parada;RA-P2;21S;1800;900;72;3103;1.37
Radson Parada;RA-P2;21S;1950;900;72;3362;1.37
Radson Parada;RA-P2;21S;2100;900;72;3620;1.37
Radson Parada;RA-P2;21S;2250;900;72;3879;1.37
Radson Parada;RA-P2;21S;2400;900;72;4138;1.37
Radson Parada;RA-P2;21S;2550;900;72;4396;1.37
Radson Parada;RA-P2;21S;2700;900;72;4655;1.37
Radson Parada;RA-P2;21S;3000;900;72;5172;1.37
Radson Parada;RA-P2;22;450;300;108;456;1.32
Radson Parada;RA-P2;22;600;300;108;608;1.32
Radson Parada;RA-P2;22;750;300;108;760;1.32
Radson Parada;RA-P2;22;900;300;108;912;1.32
Radson Parada;RA-P2;22;1050;300;108;1064;1.32
Radson Parada;RA-P2;22;1200;300;108;1216;1.32
Radson Parada;RA-P2;22;1350;300;108;1368;1.32
Radson Parada;RA-P2;22;1500;300;108;1520;1.32
Radson Parada;RA-P2;22;1650;300;108;1671;1.32
Radson Parada;RA-P2;22;1800;300;108;1823;1.32
Radson Parada;RA-P2;22;1950;300;108;1975;1.32
Radson Parada;RA-P2;22;2100;300;108;2127;1.32
Radson Parada;RA-P2;22;2250;300;108;2279;1.32
Radson Parada;RA-P2;22;2400;300;108;2431;1.32
Radson Parada;RA-P2;22;2550;300;108;2583;1.32
Radson Parada;RA-P2;22;2700;300;108;2735;1.32
Radson Parada;RA-P2;22;3000;300;108;3039;1.32
Radson Parada;RA-P2;22;450;400;108;569;1.32
Radson Parada;RA-P2;22;600;400;108;759;1.32
Radson Parada;RA-P2;22;750;400;108;949;1.32
Radson Parada;RA-P2;22;900;400;108;1139;1.32
Radson Parada;RA-P2;22;1050;400;108;1328;1.32
Radson Parada;RA-P2;22;1200;400;108;1518;1.32
Radson Parada;RA-P2;22;1350;400;108;1708;1.32
Radson Parada;RA-P2;22;1500;400;108;1898;1.32
Radson Parada;RA-P2;22;1650;400;108;2087;1.32
Radson Parada;RA-P2;22;1800;400;108;2277;1.32
Radson Parada;RA-P2;22;1950;400;108;2467;1.32
Radson Parada;RA-P2;22;2100;400;108;2657;1.32
Radson Parada;RA-P2;22;2250;400;108;2846;1.32
Radson Parada;RA-P2;22;2400;400;108;3036;1.32
Radson Parada;RA-P2;22;2550;400;108;3226;1.32
Radson Parada;RA-P2;22;2700;400;108;3416;1.32
Radson Parada;RA-P2;22;3000;400;108;3795;1.32
Radson Parada;RA-P2;22;450;500;108;675;1.33
Radson Parada;RA-P2;22;600;500;108;899;1.33
Radson Parada;RA-P2;22;750;500;108;1124;1.33
Radson Parada;RA-P2;22;900;500;108;1349;1.33
Radson Parada;RA-P2;22;1050;500;108;1574;1.33
Radson Parada;RA-P2;22;1200;500;108;1799;1.33
Radson Parada;RA-P2;22;1350;500;108;2024;1.33
Radson Parada;RA-P2;22;1500;500;108;2249;1.33
Radson Parada;RA-P2;22;1650;500;108;2473;1.33
Radson Parada;RA-P2;22;1800;500;108;2698;1.33
Radson Parada;RA-P2;22;1950;500;108;2|3;1.33
Radson Parada;RA-P2;22;2100;500;108;3148;1.33
Radson Parada;RA-P2;22;2250;500;108;3373;1.33
Radson Parada;RA-P2;22;2400;500;108;3598;1.33
Radson Parada;RA-P2;22;2550;500;108;3822;1.33
Radson Parada;RA-P2;22;2700;500;108;4047;1.33
Radson Parada;RA-P2;22;3000;500;108;4497;1.33
Radson Parada;RA-P2;22;450;600;108;773;1.33
Radson Parada;RA-P2;22;600;600;108;1031;1.33
Radson Parada;RA-P2;22;750;600;108;1289;1.33
Radson Parada;RA-P2;22;900;600;108;1546;1.33
Radson Parada;RA-P2;22;1050;600;108;1804;1.33
Radson Parada;RA-P2;22;1200;600;108;2062;1.33
Radson Parada;RA-P2;22;1350;600;108;2319;1.33
Radson Parada;RA-P2;22;1500;600;108;2577;1.33
Radson Parada;RA-P2;22;1650;600;108;2835;1.33
Radson Parada;RA-P2;22;1800;600;108;30|;1.33
Radson Parada;RA-P2;22;1950;600;108;3350;1.33
Radson Parada;RA-P2;22;2100;600;108;3608;1.33
Radson Parada;RA-P2;22;2250;600;108;3866;1.33
Radson Parada;RA-P2;22;2400;600;108;4123;1.33
Radson Parada;RA-P2;22;2550;600;108;4381;1.33
Radson Parada;RA-P2;22;2700;600;108;4639;1.33
Radson Parada;RA-P2;22;3000;600;108;5154;1.33
Radson Parada;RA-P2;22;450;750;108;911;1.35
Radson Parada;RA-P2;22;600;750;108;1214;1.35
Radson Parada;RA-P2;22;750;750;108;1518;1.35
Radson Parada;RA-P2;22;900;750;108;1822;1.35
Radson Parada;RA-P2;22;1050;750;108;2125;1.35
Radson Parada;RA-P2;22;1200;750;108;2429;1.35
Radson Parada;RA-P2;22;1350;750;108;2732;1.35
Radson Parada;RA-P2;22;1500;750;108;3036;1.35
Radson Parada;RA-P2;22;1650;750;108;3340;1.35
Radson Parada;RA-P2;22;1800;750;108;3643;1.35
Radson Parada;RA-P2;22;1950;750;108;3947;1.35
Radson Parada;RA-P2;22;2100;750;108;4250;1.35
Radson Parada;RA-P2;22;2250;750;108;4554;1.35
Radson Parada;RA-P2;22;2400;750;108;4858;1.35
Radson Parada;RA-P2;22;2550;750;108;5161;1.35
Radson Parada;RA-P2;22;2700;750;108;5465;1.35
Radson Parada;RA-P2;22;3000;750;108;6072;1.35
Radson Parada;RA-P2;22;450;900;108;1037;1.37
Radson Parada;RA-P2;22;600;900;108;1383;1.37
Radson Parada;RA-P2;22;750;900;108;1729;1.37
Radson Parada;RA-P2;22;900;900;108;2075;1.37
Radson Parada;RA-P2;22;1050;900;108;2420;1.37
Radson Parada;RA-P2;22;1200;900;108;2766;1.37
Radson Parada;RA-P2;22;1350;900;108;3112;1.37
Radson Parada;RA-P2;22;1500;900;108;3458;1.37
Radson Parada;RA-P2;22;1650;900;108;3803;1.37
Radson Parada;RA-P2;22;1800;900;108;4149;1.37
Radson Parada;RA-P2;22;1950;900;108;4495;1.37
Radson Parada;RA-P2;22;2100;900;108;4841;1.37
Radson Parada;RA-P2;22;2250;900;108;5186;1.37
Radson Parada;RA-P2;22;2400;900;108;5532;1.37
Radson Parada;RA-P2;22;2550;900;108;5878;1.37
Radson Parada;RA-P2;22;2700;900;108;6224;1.37
Radson Parada;RA-P2;22;3000;900;108;6915;1.37
Radson Parada;RA-P2;33;450;300;174;638;1.31
Radson Parada;RA-P2;33;600;300;174;850;1.31
Radson Parada;RA-P2;33;750;300;174;1063;1.31
Radson Parada;RA-P2;33;900;300;174;1275;1.31
Radson Parada;RA-P2;33;1050;300;174;1488;1.31
Radson Parada;RA-P2;33;1200;300;174;1700;1.31
Radson Parada;RA-P2;33;1350;300;174;1913;1.31
Radson Parada;RA-P2;33;1500;300;174;2126;1.31
Radson Parada;RA-P2;33;1650;300;174;2338;1.31
Radson Parada;RA-P2;33;1800;300;174;2551;1.31
Radson Parada;RA-P2;33;1950;300;174;2763;1.31
Radson Parada;RA-P2;33;2100;300;174;2976;1.31
Radson Parada;RA-P2;33;2250;300;174;3188;1.31
Radson Parada;RA-P2;33;2400;300;174;3401;1.31
Radson Parada;RA-P2;33;2550;300;174;3613;1.31
Radson Parada;RA-P2;33;2700;300;174;3826;1.31
Radson Parada;RA-P2;33;3000;300;174;4251;1.31
Radson Parada;RA-P2;33;450;400;174;810;1.32
Radson Parada;RA-P2;33;600;400;174;1079;1.32
Radson Parada;RA-P2;33;750;400;174;1349;1.32
Radson Parada;RA-P2;33;900;400;174;1619;1.32
Radson Parada;RA-P2;33;1050;400;174;1889;1.32
Radson Parada;RA-P2;33;1200;400;174;2159;1.32
Radson Parada;RA-P2;33;1350;400;174;2429;1.32
Radson Parada;RA-P2;33;1500;400;174;2699;1.32
Radson Parada;RA-P2;33;1650;400;174;2968;1.32
Radson Parada;RA-P2;33;1800;400;174;3238;1.32
Radson Parada;RA-P2;33;1950;400;174;3508;1.32
Radson Parada;RA-P2;33;2100;400;174;3778;1.32
Radson Parada;RA-P2;33;2250;400;174;4048;1.32
Radson Parada;RA-P2;33;2400;400;174;4318;1.32
Radson Parada;RA-P2;33;2550;400;174;4587;1.32
Radson Parada;RA-P2;33;2700;400;174;4857;1.32
Radson Parada;RA-P2;33;3000;400;174;5397;1.32
Radson Parada;RA-P2;33;450;500;174;970;1.33
Radson Parada;RA-P2;33;600;500;174;1293;1.33
Radson Parada;RA-P2;33;750;500;174;1616;1.33
Radson Parada;RA-P2;33;900;500;174;1940;1.33
Radson Parada;RA-P2;33;1050;500;174;2263;1.33
Radson Parada;RA-P2;33;1200;500;174;2586;1.33
Radson Parada;RA-P2;33;1350;500;174;2909;1.33
Radson Parada;RA-P2;33;1500;500;174;3233;1.33
Radson Parada;RA-P2;33;1650;500;174;3556;1.33
Radson Parada;RA-P2;33;1800;500;174;3879;1.33
Radson Parada;RA-P2;33;1950;500;174;4202;1.33
Radson Parada;RA-P2;33;2100;500;174;4526;1.33
Radson Parada;RA-P2;33;2250;500;174;4849;1.33
Radson Parada;RA-P2;33;2400;500;174;5172;1.33
Radson Parada;RA-P2;33;2550;500;174;5495;1.33
Radson Parada;RA-P2;33;2700;500;174;5819;1.33
Radson Parada;RA-P2;33;3000;500;174;6465;1.33
Radson Parada;RA-P2;33;450;600;174;1120;1.34
Radson Parada;RA-P2;33;600;600;174;1493;1.34
Radson Parada;RA-P2;33;750;600;174;1867;1.34
Radson Parada;RA-P2;33;900;600;174;2240;1.34
Radson Parada;RA-P2;33;1050;600;174;2613;1.34
Radson Parada;RA-P2;33;1200;600;174;2987;1.34
Radson Parada;RA-P2;33;1350;600;174;3360;1.34
Radson Parada;RA-P2;33;1500;600;174;3734;1.34
Radson Parada;RA-P2;33;1650;600;174;4107;1.34
Radson Parada;RA-P2;33;1800;600;174;4480;1.34
Radson Parada;RA-P2;33;1950;600;174;4854;1.34
Radson Parada;RA-P2;33;2100;600;174;5227;1.34
Radson Parada;RA-P2;33;2250;600;174;5600;1.34
Radson Parada;RA-P2;33;2400;600;174;5974;1.34
Radson Parada;RA-P2;33;2550;600;174;6347;1.34
Radson Parada;RA-P2;33;2700;600;174;6720;1.34
Radson Parada;RA-P2;33;3000;600;174;7467;1.34
Radson Parada;RA-P2;33;450;750;174;1329;1.36
Radson Parada;RA-P2;33;600;750;174;1772;1.36
Radson Parada;RA-P2;33;750;750;174;2215;1.36
Radson Parada;RA-P2;33;900;750;174;2658;1.36
Radson Parada;RA-P2;33;1050;750;174;3101;1.36
Radson Parada;RA-P2;33;1200;750;174;3544;1.36
Radson Parada;RA-P2;33;1350;750;174;3987;1.36
Radson Parada;RA-P2;33;1500;750;174;4430;1.36
Radson Parada;RA-P2;33;1650;750;174;4872;1.36
Radson Parada;RA-P2;33;1800;750;174;5315;1.36
Radson Parada;RA-P2;33;1950;750;174;5758;1.36
Radson Parada;RA-P2;33;2100;750;174;6201;1.36
Radson Parada;RA-P2;33;2250;750;174;6644;1.36
Radson Parada;RA-P2;33;2400;750;174;7087;1.36
Radson Parada;RA-P2;33;2550;750;174;7530;1.36
Radson Parada;RA-P2;33;2700;750;174;7973;1.36
Radson Parada;RA-P2;33;3000;750;174;8859;1.36
Radson Parada;RA-P2;33;450;900;174;1521;1.38
Radson Parada;RA-P2;33;600;900;174;2027;1.38
Radson Parada;RA-P2;33;750;900;174;2534;1.38
Radson Parada;RA-P2;33;900;900;174;3041;1.38
Radson Parada;RA-P2;33;1050;900;174;3548;1.38
Radson Parada;RA-P2;33;1200;900;174;4055;1.38
Radson Parada;RA-P2;33;1350;900;174;4562;1.38
Radson Parada;RA-P2;33;1500;900;174;5069;1.38
Radson Parada;RA-P2;33;1650;900;174;5575;1.38
Radson Parada;RA-P2;33;1800;900;174;6082;1.38
Radson Parada;RA-P2;33;1950;900;174;6589;1.38
