Manufacture|Type|SubType|Width|Height|Depth|Power|nValue
Radson Integra|RA-P1|21S|450|300|69|361|1.37
Radson Integra|RA-P1|21S|600|300|69|481|1.37
Radson Integra|RA-P1|21S|750|300|69|602|1.37
Radson Integra|RA-P1|21S|900|300|69|722|1.37
Radson Integra|RA-P1|21S|1050|300|69|842|1.37
Radson Integra|RA-P1|21S|1200|300|69|962|1.37
Radson Integra|RA-P1|21S|1350|300|69|1083|1.37
Radson Integra|RA-P1|21S|1500|300|69|1203|1.37
Radson Integra|RA-P1|21S|1650|300|69|1323|1.37
Radson Integra|RA-P1|21S|1800|300|69|1444|1.37
Radson Integra|RA-P1|21S|1950|300|69|1564|1.37
Radson Integra|RA-P1|21S|2100|300|69|1684|1.37
Radson Integra|RA-P1|21S|2250|300|69|1805|1.37
Radson Integra|RA-P1|21S|2400|300|69|1925|1.37
Radson Integra|RA-P1|21S|2550|300|69|2045|1.37
Radson Integra|RA-P1|21S|2700|300|69|2165|1.37
Radson Integra|RA-P1|21S|3000|300|69|2406|1.37
Radson Integra|RA-P1|21S|450|400|69|448|1.36
Radson Integra|RA-P1|21S|600|400|69|598|1.36
Radson Integra|RA-P1|21S|750|400|69|747|1.36
Radson Integra|RA-P1|21S|900|400|69|896|1.36
Radson Integra|RA-P1|21S|1050|400|69|1046|1.36
Radson Integra|RA-P1|21S|1200|400|69|1195|1.36
Radson Integra|RA-P1|21S|1350|400|69|1345|1.36
Radson Integra|RA-P1|21S|1500|400|69|1494|1.36
Radson Integra|RA-P1|21S|1650|400|69|1643|1.36
Radson Integra|RA-P1|21S|1800|400|69|1793|1.36
Radson Integra|RA-P1|21S|1950|400|69|1942|1.36
Radson Integra|RA-P1|21S|2100|400|69|2092|1.36
Radson Integra|RA-P1|21S|2250|400|69|2241|1.36
Radson Integra|RA-P1|21S|2400|400|69|2390|1.36
Radson Integra|RA-P1|21S|2550|400|69|2540|1.36
Radson Integra|RA-P1|21S|2700|400|69|2689|1.36
Radson Integra|RA-P1|21S|3000|400|69|2988|1.36
Radson Integra|RA-P1|21S|450|500|69|530|1.36
Radson Integra|RA-P1|21S|600|500|69|706|1.36
Radson Integra|RA-P1|21S|750|500|69|883|1.36
Radson Integra|RA-P1|21S|900|500|69|1059|1.36
Radson Integra|RA-P1|21S|1050|500|69|1236|1.36
Radson Integra|RA-P1|21S|1200|500|69|1412|1.36
Radson Integra|RA-P1|21S|1350|500|69|1589|1.36
Radson Integra|RA-P1|21S|1500|500|69|1766|1.36
Radson Integra|RA-P1|21S|1650|500|69|1942|1.36
Radson Integra|RA-P1|21S|1800|500|69|2119|1.36
Radson Integra|RA-P1|21S|1950|500|69|2295|1.36
Radson Integra|RA-P1|21S|2100|500|69|2472|1.36
Radson Integra|RA-P1|21S|2250|500|69|2648|1.36
Radson Integra|RA-P1|21S|2400|500|69|2825|1.36
Radson Integra|RA-P1|21S|2550|500|69|3001|1.36
Radson Integra|RA-P1|21S|2700|500|69|3178|1.36
Radson Integra|RA-P1|21S|3000|500|69|3531|1.36
Radson Integra|RA-P1|21S|450|600|69|607|1.35
Radson Integra|RA-P1|21S|600|600|69|809|1.35
Radson Integra|RA-P1|21S|750|600|69|1012|1.35
Radson Integra|RA-P1|21S|900|600|69|1214|1.35
Radson Integra|RA-P1|21S|1050|600|69|1416|1.35
Radson Integra|RA-P1|21S|1200|600|69|1619|1.35
Radson Integra|RA-P1|21S|1350|600|69|1821|1.35
Radson Integra|RA-P1|21S|1500|600|69|2024|1.35
Radson Integra|RA-P1|21S|1650|600|69|2226|1.35
Radson Integra|RA-P1|21S|1800|600|69|2428|1.35
Radson Integra|RA-P1|21S|1950|600|69|2631|1.35
Radson Integra|RA-P1|21S|2100|600|69|2833|1.35
Radson Integra|RA-P1|21S|2250|600|69|3035|1.35
Radson Integra|RA-P1|21S|2400|600|69|3238|1.35
Radson Integra|RA-P1|21S|2550|600|69|3440|1.35
Radson Integra|RA-P1|21S|2700|600|69|3642|1.35
Radson Integra|RA-P1|21S|3000|600|69|4047|1.35
Radson Integra|RA-P1|21S|450|750|69|718|1.35
Radson Integra|RA-P1|21S|600|750|69|957|1.35
Radson Integra|RA-P1|21S|750|750|69|1196|1.35
Radson Integra|RA-P1|21S|900|750|69|1436|1.35
Radson Integra|RA-P1|21S|1050|750|69|1675|1.35
Radson Integra|RA-P1|21S|1200|750|69|1914|1.35
Radson Integra|RA-P1|21S|1350|750|69|2153|1.35
Radson Integra|RA-P1|21S|1500|750|69|2393|1.35
Radson Integra|RA-P1|21S|1650|750|69|2632|1.35
Radson Integra|RA-P1|21S|1800|750|69|2871|1.35
Radson Integra|RA-P1|21S|1950|750|69|3110|1.35
Radson Integra|RA-P1|21S|2100|750|69|3350|1.35
Radson Integra|RA-P1|21S|2250|750|69|3589|1.35
Radson Integra|RA-P1|21S|2400|750|69|3828|1.35
Radson Integra|RA-P1|21S|2550|750|69|4067|1.35
Radson Integra|RA-P1|21S|2700|750|69|4307|1.35
Radson Integra|RA-P1|21S|3000|750|69|4785|1.35
Radson Integra|RA-P1|21S|450|900|69|823|1.34
Radson Integra|RA-P1|21S|600|900|69|1097|1.34
Radson Integra|RA-P1|21S|750|900|69|1372|1.34
Radson Integra|RA-P1|21S|900|900|69|1646|1.34
Radson Integra|RA-P1|21S|1050|900|69|1920|1.34
Radson Integra|RA-P1|21S|1200|900|69|2195|1.34
Radson Integra|RA-P1|21S|1350|900|69|2469|1.34
Radson Integra|RA-P1|21S|1500|900|69|2744|1.34
Radson Integra|RA-P1|21S|1650|900|69|3018|1.34
Radson Integra|RA-P1|21S|1800|900|69|3292|1.34
Radson Integra|RA-P1|21S|1950|900|69|3567|1.34
Radson Integra|RA-P1|21S|2100|900|69|3841|1.34
Radson Integra|RA-P1|21S|2250|900|69|4115|1.34
Radson Integra|RA-P1|21S|2400|900|69|4390|1.34
Radson Integra|RA-P1|21S|2550|900|69|4664|1.34
Radson Integra|RA-P1|21S|2700|900|69|4938|1.34
Radson Integra|RA-P1|21S|3000|900|69|5487|1.34
Radson Integra|RA-P1|22|450|300|106|474|1.38
Radson Integra|RA-P1|22|600|300|106|632|1.38
Radson Integra|RA-P1|22|750|300|106|790|1.38
Radson Integra|RA-P1|22|900|300|106|948|1.38
Radson Integra|RA-P1|22|1050|300|106|1106|1.38
Radson Integra|RA-P1|22|1200|300|106|1264|1.38
Radson Integra|RA-P1|22|1350|300|106|1422|1.38
Radson Integra|RA-P1|22|1500|300|106|1580|1.38
Radson Integra|RA-P1|22|1650|300|106|1737|1.38
Radson Integra|RA-P1|22|1800|300|106|1895|1.38
Radson Integra|RA-P1|22|1950|300|106|2053|1.38
Radson Integra|RA-P1|22|2100|300|106|2211|1.38
Radson Integra|RA-P1|22|2250|300|106|2369|1.38
Radson Integra|RA-P1|22|2400|300|106|2527|1.38
Radson Integra|RA-P1|22|2550|300|106|2685|1.38
Radson Integra|RA-P1|22|2700|300|106|2843|1.38
Radson Integra|RA-P1|22|3000|300|106|3159|1.38
Radson Integra|RA-P1|22|450|400|106|601|1.38
Radson Integra|RA-P1|22|600|400|106|802|1.38
Radson Integra|RA-P1|22|750|400|106|1002|1.38
Radson Integra|RA-P1|22|900|400|106|1202|1.38
Radson Integra|RA-P1|22|1050|400|106|1403|1.38
Radson Integra|RA-P1|22|1200|400|106|1603|1.38
Radson Integra|RA-P1|22|1350|400|106|1804|1.38
Radson Integra|RA-P1|22|1500|400|106|2004|1.38
Radson Integra|RA-P1|22|1650|400|106|2204|1.38
Radson Integra|RA-P1|22|1800|400|106|2405|1.38
Radson Integra|RA-P1|22|1950|400|106|2605|1.38
Radson Integra|RA-P1|22|2100|400|106|2806|1.38
Radson Integra|RA-P1|22|2250|400|106|3006|1.38
Radson Integra|RA-P1|22|2400|400|106|3206|1.38
Radson Integra|RA-P1|22|2550|400|106|3407|1.38
Radson Integra|RA-P1|22|2700|400|106|3607|1.38
Radson Integra|RA-P1|22|3000|400|106|4008|1.38
Radson Integra|RA-P1|22|450|500|106|718|1.37
Radson Integra|RA-P1|22|600|500|106|957|1.37
Radson Integra|RA-P1|22|750|500|106|1196|1.37
Radson Integra|RA-P1|22|900|500|106|1436|1.37
Radson Integra|RA-P1|22|1050|500|106|1675|1.37
Radson Integra|RA-P1|22|1200|500|106|1914|1.37
Radson Integra|RA-P1|22|1350|500|106|2153|1.37
Radson Integra|RA-P1|22|1500|500|106|2393|1.37
Radson Integra|RA-P1|22|1650|500|106|2632|1.37
Radson Integra|RA-P1|22|1800|500|106|2871|1.37
Radson Integra|RA-P1|22|1950|500|106|3110|1.37
Radson Integra|RA-P1|22|2100|500|106|3350|1.37
Radson Integra|RA-P1|22|2250|500|106|3589|1.37
Radson Integra|RA-P1|22|2400|500|106|3828|1.37
Radson Integra|RA-P1|22|2550|500|106|4067|1.37
Radson Integra|RA-P1|22|2700|500|106|4307|1.37
Radson Integra|RA-P1|22|3000|500|106|4785|1.37
Radson Integra|RA-P1|22|450|600|106|824|1.36
Radson Integra|RA-P1|22|600|600|106|1099|1.36
Radson Integra|RA-P1|22|750|600|106|1374|1.36
Radson Integra|RA-P1|22|900|600|106|1649|1.36
Radson Integra|RA-P1|22|1050|600|106|1924|1.36
Radson Integra|RA-P1|22|1200|600|106|2198|1.36
Radson Integra|RA-P1|22|1350|600|106|2473|1.36
Radson Integra|RA-P1|22|1500|600|106|2748|1.36
Radson Integra|RA-P1|22|1650|600|106|3023|1.36
Radson Integra|RA-P1|22|1800|600|106|3298|1.36
Radson Integra|RA-P1|22|1950|600|106|3572|1.36
Radson Integra|RA-P1|22|2100|600|106|3847|1.36
Radson Integra|RA-P1|22|2250|600|106|4122|1.36
Radson Integra|RA-P1|22|2400|600|106|4397|1.36
Radson Integra|RA-P1|22|2550|600|106|4672|1.36
Radson Integra|RA-P1|22|2700|600|106|4946|1.36
Radson Integra|RA-P1|22|3000|600|106|5496|1.36
Radson Integra|RA-P1|22|450|750|106|968|1.34
Radson Integra|RA-P1|22|600|750|106|1290|1.34
Radson Integra|RA-P1|22|750|750|106|1613|1.34
Radson Integra|RA-P1|22|900|750|106|1935|1.34
Radson Integra|RA-P1|22|1050|750|106|2258|1.34
Radson Integra|RA-P1|22|1200|750|106|2580|1.34
Radson Integra|RA-P1|22|1350|750|106|2903|1.34
Radson Integra|RA-P1|22|1500|750|106|3225|1.34
Radson Integra|RA-P1|22|1650|750|106|3548|1.34
Radson Integra|RA-P1|22|1800|750|106|3870|1.34
Radson Integra|RA-P1|22|1950|750|106|4193|1.34
Radson Integra|RA-P1|22|2100|750|106|4515|1.34
Radson Integra|RA-P1|22|2250|750|106|4838|1.34
Radson Integra|RA-P1|22|2400|750|106|5160|1.34
Radson Integra|RA-P1|22|2550|750|106|5483|1.34
Radson Integra|RA-P1|22|2700|750|106|5805|1.34
Radson Integra|RA-P1|22|3000|750|106|6450|1.34
Radson Integra|RA-P1|22|450|900|106|1092|1.33
Radson Integra|RA-P1|22|600|900|106|1456|1.33
Radson Integra|RA-P1|22|750|900|106|1820|1.33
Radson Integra|RA-P1|22|900|900|106|2184|1.33
Radson Integra|RA-P1|22|1050|900|106|2548|1.33
Radson Integra|RA-P1|22|1200|900|106|2912|1.33
Radson Integra|RA-P1|22|1350|900|106|3276|1.33
Radson Integra|RA-P1|22|1500|900|106|3641|1.33
Radson Integra|RA-P1|22|1650|900|106|4005|1.33
Radson Integra|RA-P1|22|1800|900|106|4369|1.33
Radson Integra|RA-P1|22|1950|900|106|4733|1.33
Radson Integra|RA-P1|22|2100|900|106|5097|1.33
Radson Integra|RA-P1|22|2250|900|106|5461|1.33
Radson Integra|RA-P1|22|2400|900|106|5825|1.33
Radson Integra|RA-P1|22|2550|900|106|6189|1.33
Radson Integra|RA-P1|22|2700|900|106|6553|1.33
Radson Integra|RA-P1|22|3000|900|106|7281|1.33
Radson Integra|RA-P1|33|450|300|172|672|1.38
Radson Integra|RA-P1|33|600|300|172|896|1.38
Radson Integra|RA-P1|33|750|300|172|1121|1.38
Radson Integra|RA-P1|33|900|300|172|1345|1.38
Radson Integra|RA-P1|33|1050|300|172|1569|1.38
Radson Integra|RA-P1|33|1200|300|172|1793|1.38
Radson Integra|RA-P1|33|1350|300|172|2017|1.38
Radson Integra|RA-P1|33|1500|300|172|2241|1.38
Radson Integra|RA-P1|33|1650|300|172|2465|1.38
Radson Integra|RA-P1|33|1800|300|172|2689|1.38
Radson Integra|RA-P1|33|1950|300|172|2913|1.38
Radson Integra|RA-P1|33|2100|300|172|3137|1.38
Radson Integra|RA-P1|33|2250|300|172|3362|1.38
Radson Integra|RA-P1|33|2400|300|172|3586|1.38
Radson Integra|RA-P1|33|2550|300|172|3810|1.38
Radson Integra|RA-P1|33|2700|300|172|4034|1.38
Radson Integra|RA-P1|33|3000|300|172|4482|1.38
Radson Integra|RA-P1|33|450|400|172|863|1.37
Radson Integra|RA-P1|33|600|400|172|1151|1.37
Radson Integra|RA-P1|33|750|400|172|1439|1.37
Radson Integra|RA-P1|33|900|400|172|1726|1.37
Radson Integra|RA-P1|33|1050|400|172|2014|1.37
Radson Integra|RA-P1|33|1200|400|172|2302|1.37
Radson Integra|RA-P1|33|1350|400|172|2589|1.37
Radson Integra|RA-P1|33|1500|400|172|2877|1.37
Radson Integra|RA-P1|33|1650|400|172|3165|1.37
Radson Integra|RA-P1|33|1800|400|172|3452|1.37
Radson Integra|RA-P1|33|1950|400|172|3740|1.37
Radson Integra|RA-P1|33|2100|400|172|4028|1.37
Radson Integra|RA-P1|33|2250|400|172|4316|1.37
Radson Integra|RA-P1|33|2400|400|172|4603|1.37
Radson Integra|RA-P1|33|2550|400|172|4891|1.37
Radson Integra|RA-P1|33|2700|400|172|5179|1.37
Radson Integra|RA-P1|33|3000|400|172|5754|1.37
Radson Integra|RA-P1|33|450|500|172|1037|1.35
Radson Integra|RA-P1|33|600|500|172|1383|1.35
Radson Integra|RA-P1|33|750|500|172|1729|1.35
Radson Integra|RA-P1|33|900|500|172|2075|1.35
Radson Integra|RA-P1|33|1050|500|172|2420|1.35
Radson Integra|RA-P1|33|1200|500|172|2766|1.35
Radson Integra|RA-P1|33|1350|500|172|3112|1.35
Radson Integra|RA-P1|33|1500|500|172|3458|1.35
Radson Integra|RA-P1|33|1650|500|172|3803|1.35
Radson Integra|RA-P1|33|1800|500|172|4149|1.35
Radson Integra|RA-P1|33|1950|500|172|4495|1.35
Radson Integra|RA-P1|33|2100|500|172|4811|1.35
Radson Integra|RA-P1|33|2250|500|172|5186|1.35
Radson Integra|RA-P1|33|2400|500|172|5532|1.35
Radson Integra|RA-P1|33|2550|500|172|5878|1.35
Radson Integra|RA-P1|33|2700|500|172|6224|1.35
Radson Integra|RA-P1|33|3000|500|172|6915|1.35
Radson Integra|RA-P1|33|450|600|172|1195|1.34
Radson Integra|RA-P1|33|600|600|172|1594|1.34
Radson Integra|RA-P1|33|750|600|172|1992|1.34
Radson Integra|RA-P1|33|900|600|172|2390|1.34
Radson Integra|RA-P1|33|1050|600|172|2789|1.34
Radson Integra|RA-P1|33|1200|600|172|3187|1.34
Radson Integra|RA-P1|33|1350|600|172|3586|1.34
Radson Integra|RA-P1|33|1500|600|172|3984|1.34
Radson Integra|RA-P1|33|1650|600|172|4382|1.34
Radson Integra|RA-P1|33|1800|600|172|4781|1.34
Radson Integra|RA-P1|33|1950|600|172|5179|1.34
Radson Integra|RA-P1|33|2100|600|172|5578|1.34
Radson Integra|RA-P1|33|2250|600|172|5976|1.34
Radson Integra|RA-P1|33|2400|600|172|6374|1.34
Radson Integra|RA-P1|33|2550|600|172|6773|1.34
Radson Integra|RA-P1|33|2700|600|172|7171|1.34
Radson Integra|RA-P1|33|3000|600|172|7968|1.34
Radson Integra|RA-P1|33|450|750|172|1404|1.32
Radson Integra|RA-P1|33|600|750|172|1871|1.32
Radson Integra|RA-P1|33|750|750|172|2339|1.32
Radson Integra|RA-P1|33|900|750|172|2807|1.32
Radson Integra|RA-P1|33|1050|750|172|3275|1.32
Radson Integra|RA-P1|33|1200|750|172|3743|1.32
Radson Integra|RA-P1|33|1350|750|172|4211|1.32
Radson Integra|RA-P1|33|1500|750|172|4679|1.32
Radson Integra|RA-P1|33|1650|750|172|5146|1.32
Radson Integra|RA-P1|33|1800|750|172|5614|1.32
Radson Integra|RA-P1|33|1950|750|172|6082|1.32
Radson Integra|RA-P1|33|2100|750|172|6550|1.32
Radson Integra|RA-P1|33|2250|750|172|7018|1.32
Radson Integra|RA-P1|33|2400|750|172|7486|1.32
Radson Integra|RA-P1|33|2550|750|172|7953|1.32
Radson Integra|RA-P1|33|2700|750|172|8421|1.32
Radson Integra|RA-P1|33|3000|750|172|9357|1.32
Radson Integra|RA-P1|33|450|900|172|1580|1.31
Radson Integra|RA-P1|33|600|900|172|2107|1.31
Radson Integra|RA-P1|33|750|900|172|2634|1.31
Radson Integra|RA-P1|33|900|900|172|3161|1.31
Radson Integra|RA-P1|33|1050|900|172|3688|1.31
Radson Integra|RA-P1|33|1200|900|172|4214|1.31
Radson Integra|RA-P1|33|1350|900|172|4741|1.31
Radson Integra|RA-P1|33|1500|900|172|5268|1.31
Radson Integra|RA-P1|33|1650|900|172|5795|1.31
Radson Integra|RA-P1|33|1800|900|172|6322|1.31
Radson Integra|RA-P1|33|1950|900|172|6848|1.31
Radson Integra|RA-P1|33|2100|900|172|7375|1.31
Radson Integra|RA-P1|33|2250|900|172|7902|1.31
Radson Integra|RA-P1|33|2400|900|172|8429|1.31
Radson Integra|RA-P1|33|2550|900|172|8956|1.31
Radson Integra|RA-P1|33|2700|900|172|9482|1.31
Radson Integra|RA-P1|33|3000|900|172|10536|1.31
