Manufacture|Type|SubType|Width|Height|Depth|Power|nValue
Radson Integra Hygiene|RA-P1H|20S|450|300|69|255|1.37
Radson Integra Hygiene|RA-P1H|20S|600|300|69|340|1.37
Radson Integra Hygiene|RA-P1H|20S|750|300|69|425|1.37
Radson Integra Hygiene|RA-P1H|20S|900|300|69|510|1.37
Radson Integra Hygiene|RA-P1H|20S|1050|300|69|595|1.37
Radson Integra Hygiene|RA-P1H|20S|1200|300|69|680|1.37
Radson Integra Hygiene|RA-P1H|20S|1350|300|69|765|1.37
Radson Integra Hygiene|RA-P1H|20S|1500|300|69|851|1.37
Radson Integra Hygiene|RA-P1H|20S|1650|300|69|936|1.37
Radson Integra Hygiene|RA-P1H|20S|1800|300|69|1021|1.37
Radson Integra Hygiene|RA-P1H|20S|1950|300|69|1106|1.37
Radson Integra Hygiene|RA-P1H|20S|2100|300|69|1191|1.37
Radson Integra Hygiene|RA-P1H|20S|2250|300|69|1276|1.37
Radson Integra Hygiene|RA-P1H|20S|2400|300|69|1361|1.37
Radson Integra Hygiene|RA-P1H|20S|2550|300|69|1446|1.37
Radson Integra Hygiene|RA-P1H|20S|2700|300|69|1531|1.37
Radson Integra Hygiene|RA-P1H|20S|3000|300|69|1701|1.37
Radson Integra Hygiene|RA-P1H|20S|450|400|69|324|1.35
Radson Integra Hygiene|RA-P1H|20S|600|400|69|432|1.35
Radson Integra Hygiene|RA-P1H|20S|750|400|69|540|1.35
Radson Integra Hygiene|RA-P1H|20S|900|400|69|648|1.35
Radson Integra Hygiene|RA-P1H|20S|1050|400|69|756|1.35
Radson Integra Hygiene|RA-P1H|20S|1200|400|69|864|1.35
Radson Integra Hygiene|RA-P1H|20S|1350|400|69|972|1.35
Radson Integra Hygiene|RA-P1H|20S|1500|400|69|1080|1.35
Radson Integra Hygiene|RA-P1H|20S|1650|400|69|1188|1.35
Radson Integra Hygiene|RA-P1H|20S|1800|400|69|1296|1.35
Radson Integra Hygiene|RA-P1H|20S|1950|400|69|1404|1.35
Radson Integra Hygiene|RA-P1H|20S|2100|400|69|1512|1.35
Radson Integra Hygiene|RA-P1H|20S|2250|400|69|1620|1.35
Radson Integra Hygiene|RA-P1H|20S|2400|400|69|1728|1.35
Radson Integra Hygiene|RA-P1H|20S|2550|400|69|1836|1.35
Radson Integra Hygiene|RA-P1H|20S|2700|400|69|1944|1.35
Radson Integra Hygiene|RA-P1H|20S|3000|400|69|2160|1.35
Radson Integra Hygiene|RA-P1H|20S|450|500|69|390|1.32
Radson Integra Hygiene|RA-P1H|20S|600|500|69|520|1.32
Radson Integra Hygiene|RA-P1H|20S|750|500|69|650|1.32
Radson Integra Hygiene|RA-P1H|20S|900|500|69|779|1.32
Radson Integra Hygiene|RA-P1H|20S|1050|500|69|909|1.32
Radson Integra Hygiene|RA-P1H|20S|1200|500|69|1039|1.32
Radson Integra Hygiene|RA-P1H|20S|1350|500|69|1169|1.32
Radson Integra Hygiene|RA-P1H|20S|1500|500|69|1299|1.32
Radson Integra Hygiene|RA-P1H|20S|1650|500|69|1429|1.32
Radson Integra Hygiene|RA-P1H|20S|1800|500|69|1559|1.32
Radson Integra Hygiene|RA-P1H|20S|1950|500|69|1689|1.32
Radson Integra Hygiene|RA-P1H|20S|2100|500|69|1819|1.32
Radson Integra Hygiene|RA-P1H|20S|2250|500|69|1949|1.32
Radson Integra Hygiene|RA-P1H|20S|2400|500|69|2078|1.32
Radson Integra Hygiene|RA-P1H|20S|2550|500|69|2208|1.32
Radson Integra Hygiene|RA-P1H|20S|2700|500|69|2338|1.32
Radson Integra Hygiene|RA-P1H|20S|3000|500|69|2598|1.32
Radson Integra Hygiene|RA-P1H|20S|450|600|69|454|1.30
Radson Integra Hygiene|RA-P1H|20S|600|600|69|605|1.30
Radson Integra Hygiene|RA-P1H|20S|750|600|69|757|1.30
Radson Integra Hygiene|RA-P1H|20S|900|600|69|908|1.30
Radson Integra Hygiene|RA-P1H|20S|1050|600|69|1059|1.30
Radson Integra Hygiene|RA-P1H|20S|1200|600|69|1211|1.30
Radson Integra Hygiene|RA-P1H|20S|1350|600|69|1362|1.30
Radson Integra Hygiene|RA-P1H|20S|1500|600|69|1514|1.30
Radson Integra Hygiene|RA-P1H|20S|1650|600|69|1665|1.30
Radson Integra Hygiene|RA-P1H|20S|1800|600|69|1816|1.30
Radson Integra Hygiene|RA-P1H|20S|1950|600|69|1968|1.30
Radson Integra Hygiene|RA-P1H|20S|2100|600|69|2119|1.30
Radson Integra Hygiene|RA-P1H|20S|2250|600|69|2270|1.30
Radson Integra Hygiene|RA-P1H|20S|2400|600|69|2422|1.30
Radson Integra Hygiene|RA-P1H|20S|2550|600|69|2573|1.30
Radson Integra Hygiene|RA-P1H|20S|2700|600|69|2724|1.30
Radson Integra Hygiene|RA-P1H|20S|3000|600|69|3027|1.30
Radson Integra Hygiene|RA-P1H|20S|450|750|69|548|1.26
Radson Integra Hygiene|RA-P1H|20S|600|750|69|730|1.26
Radson Integra Hygiene|RA-P1H|20S|750|750|69|913|1.26
Radson Integra Hygiene|RA-P1H|20S|900|750|69|1095|1.26
Radson Integra Hygiene|RA-P1H|20S|1050|750|69|1278|1.26
Radson Integra Hygiene|RA-P1H|20S|1200|750|69|1460|1.26
Radson Integra Hygiene|RA-P1H|20S|1350|750|69|1643|1.26
Radson Integra Hygiene|RA-P1H|20S|1500|750|69|1826|1.26
Radson Integra Hygiene|RA-P1H|20S|1650|750|69|2008|1.26
Radson Integra Hygiene|RA-P1H|20S|1800|750|69|2191|1.26
Radson Integra Hygiene|RA-P1H|20S|1950|750|69|2373|1.26
Radson Integra Hygiene|RA-P1H|20S|2100|750|69|2556|1.26
Radson Integra Hygiene|RA-P1H|20S|2250|750|69|2738|1.26
Radson Integra Hygiene|RA-P1H|20S|2400|750|69|2921|1.26
Radson Integra Hygiene|RA-P1H|20S|2550|750|69|3103|1.26
Radson Integra Hygiene|RA-P1H|20S|2700|750|69|3286|1.26
Radson Integra Hygiene|RA-P1H|20S|3000|750|69|3651|1.26
Radson Integra Hygiene|RA-P1H|20S|450|900|69|640|1.22
Radson Integra Hygiene|RA-P1H|20S|600|900|69|853|1.22
Radson Integra Hygiene|RA-P1H|20S|750|900|69|1067|1.22
Radson Integra Hygiene|RA-P1H|20S|900|900|69|1280|1.22
Radson Integra Hygiene|RA-P1H|20S|1050|900|69|1493|1.22
Radson Integra Hygiene|RA-P1H|20S|1200|900|69|1706|1.22
Radson Integra Hygiene|RA-P1H|20S|1350|900|69|1920|1.22
Radson Integra Hygiene|RA-P1H|20S|1500|900|69|2133|1.22
Radson Integra Hygiene|RA-P1H|20S|1650|900|69|2346|1.22
Radson Integra Hygiene|RA-P1H|20S|1800|900|69|2560|1.22
Radson Integra Hygiene|RA-P1H|20S|1950|900|69|2773|1.22
Radson Integra Hygiene|RA-P1H|20S|2100|900|69|2986|1.22
Radson Integra Hygiene|RA-P1H|20S|2250|900|69|3200|1.22
Radson Integra Hygiene|RA-P1H|20S|2400|900|69|3413|1.22
Radson Integra Hygiene|RA-P1H|20S|2550|900|69|3626|1.22
Radson Integra Hygiene|RA-P1H|20S|2700|900|69|3839|1.22
Radson Integra Hygiene|RA-P1H|20S|3000|900|69|4266|1.22
Radson Integra Hygiene|RA-P1H|30|450|300|172|382|1.28
Radson Integra Hygiene|RA-P1H|30|600|300|172|509|1.28
Radson Integra Hygiene|RA-P1H|30|750|300|172|636|1.28
Radson Integra Hygiene|RA-P1H|30|900|300|172|763|1.28
Radson Integra Hygiene|RA-P1H|30|1050|300|172|890|1.28
Radson Integra Hygiene|RA-P1H|30|1200|300|172|1018|1.28
Radson Integra Hygiene|RA-P1H|30|1350|300|172|1145|1.28
Radson Integra Hygiene|RA-P1H|30|1500|300|172|1272|1.28
Radson Integra Hygiene|RA-P1H|30|1650|300|172|1399|1.28
Radson Integra Hygiene|RA-P1H|30|1800|300|172|1526|1.28
Radson Integra Hygiene|RA-P1H|30|1950|300|172|1654|1.28
Radson Integra Hygiene|RA-P1H|30|2100|300|172|1781|1.28
Radson Integra Hygiene|RA-P1H|30|2250|300|172|1908|1.28
Radson Integra Hygiene|RA-P1H|30|2400|300|172|2035|1.28
Radson Integra Hygiene|RA-P1H|30|2550|300|172|2162|1.28
Radson Integra Hygiene|RA-P1H|30|2700|300|172|2290|1.28
Radson Integra Hygiene|RA-P1H|30|3000|300|172|2544|1.28
Radson Integra Hygiene|RA-P1H|30|450|400|172|476|1.29
Radson Integra Hygiene|RA-P1H|30|600|400|172|634|1.29
Radson Integra Hygiene|RA-P1H|30|750|400|172|793|1.29
Radson Integra Hygiene|RA-P1H|30|900|400|172|951|1.29
Radson Integra Hygiene|RA-P1H|30|1050|400|172|1110|1.29
Radson Integra Hygiene|RA-P1H|30|1200|400|172|1268|1.29
Radson Integra Hygiene|RA-P1H|30|1350|400|172|1427|1.29
Radson Integra Hygiene|RA-P1H|30|1500|400|172|1586|1.29
Radson Integra Hygiene|RA-P1H|30|1650|400|172|1744|1.29
Radson Integra Hygiene|RA-P1H|30|1800|400|172|1903|1.29
Radson Integra Hygiene|RA-P1H|30|1950|400|172|2061|1.29
Radson Integra Hygiene|RA-P1H|30|2100|400|172|2220|1.29
Radson Integra Hygiene|RA-P1H|30|2250|400|172|2378|1.29
Radson Integra Hygiene|RA-P1H|30|2400|400|172|2537|1.29
Radson Integra Hygiene|RA-P1H|30|2550|400|172|2695|1.29
Radson Integra Hygiene|RA-P1H|30|2700|400|172|2854|1.29
Radson Integra Hygiene|RA-P1H|30|3000|400|172|3171|1.29
Radson Integra Hygiene|RA-P1H|30|450|500|172|567|1.29
Radson Integra Hygiene|RA-P1H|30|600|500|172|755|1.29
Radson Integra Hygiene|RA-P1H|30|750|500|172|944|1.29
Radson Integra Hygiene|RA-P1H|30|900|500|172|1133|1.29
Radson Integra Hygiene|RA-P1H|30|1050|500|172|1322|1.29
Radson Integra Hygiene|RA-P1H|30|1200|500|172|1511|1.29
Radson Integra Hygiene|RA-P1H|30|1350|500|172|1700|1.29
Radson Integra Hygiene|RA-P1H|30|1500|500|172|1889|1.29
Radson Integra Hygiene|RA-P1H|30|1650|500|172|2077|1.29
Radson Integra Hygiene|RA-P1H|30|1800|500|172|2266|1.29
Radson Integra Hygiene|RA-P1H|30|1950|500|172|2455|1.29
Radson Integra Hygiene|RA-P1H|30|2100|500|172|2644|1.29
Radson Integra Hygiene|RA-P1H|30|2250|500|172|2833|1.29
Radson Integra Hygiene|RA-P1H|30|2400|500|172|3022|1.29
Radson Integra Hygiene|RA-P1H|30|2550|500|172|3210|1.29
Radson Integra Hygiene|RA-P1H|30|2700|500|172|3399|1.29
Radson Integra Hygiene|RA-P1H|30|3000|500|172|3777|1.29
Radson Integra Hygiene|RA-P1H|30|450|600|172|656|1.30
Radson Integra Hygiene|RA-P1H|30|600|600|172|874|1.30
Radson Integra Hygiene|RA-P1H|30|750|600|172|1093|1.30
Radson Integra Hygiene|RA-P1H|30|900|600|172|1311|1.30
Radson Integra Hygiene|RA-P1H|30|1050|600|172|1530|1.30
Radson Integra Hygiene|RA-P1H|30|1200|600|172|1748|1.30
Radson Integra Hygiene|RA-P1H|30|1350|600|172|1967|1.30
Radson Integra Hygiene|RA-P1H|30|1500|600|172|2186|1.30
Radson Integra Hygiene|RA-P1H|30|1650|600|172|2404|1.30
Radson Integra Hygiene|RA-P1H|30|1800|600|172|2623|1.30
Radson Integra Hygiene|RA-P1H|30|1950|600|172|2841|1.30
Radson Integra Hygiene|RA-P1H|30|2100|600|172|3060|1.30
Radson Integra Hygiene|RA-P1H|30|2250|600|172|3278|1.30
Radson Integra Hygiene|RA-P1H|30|2400|600|172|3497|1.30
Radson Integra Hygiene|RA-P1H|30|2550|600|172|3715|1.30
Radson Integra Hygiene|RA-P1H|30|2700|600|172|3934|1.30
Radson Integra Hygiene|RA-P1H|30|3000|600|172|4371|1.30
Radson Integra Hygiene|RA-P1H|30|450|750|172|788|1.30
Radson Integra Hygiene|RA-P1H|30|600|750|172|1051|1.30
Radson Integra Hygiene|RA-P1H|30|750|750|172|1313|1.30
Radson Integra Hygiene|RA-P1H|30|900|750|172|1576|1.30
Radson Integra Hygiene|RA-P1H|30|1050|750|172|1839|1.30
Radson Integra Hygiene|RA-P1H|30|1200|750|172|2101|1.30
Radson Integra Hygiene|RA-P1H|30|1350|750|172|2364|1.30
Radson Integra Hygiene|RA-P1H|30|1500|750|172|2627|1.30
Radson Integra Hygiene|RA-P1H|30|1650|750|172|2889|1.30
Radson Integra Hygiene|RA-P1H|30|1800|750|172|3152|1.30
Radson Integra Hygiene|RA-P1H|30|1950|750|172|3414|1.30
Radson Integra Hygiene|RA-P1H|30|2100|750|172|3677|1.30
Radson Integra Hygiene|RA-P1H|30|2250|750|172|3940|1.30
Radson Integra Hygiene|RA-P1H|30|2400|750|172|4202|1.30
Radson Integra Hygiene|RA-P1H|30|2550|750|172|4465|1.30
Radson Integra Hygiene|RA-P1H|30|2700|750|172|4728|1.30
Radson Integra Hygiene|RA-P1H|30|3000|750|172|5253|1.30
Radson Integra Hygiene|RA-P1H|30|450|900|172|919|1.31
Radson Integra Hygiene|RA-P1H|30|600|900|172|1226|1.31
Radson Integra Hygiene|RA-P1H|30|750|900|172|1532|1.31
Radson Integra Hygiene|RA-P1H|30|900|900|172|1839|1.31
Radson Integra Hygiene|RA-P1H|30|1050|900|172|2145|1.31
Radson Integra Hygiene|RA-P1H|30|1200|900|172|2452|1.31
Radson Integra Hygiene|RA-P1H|30|1350|900|172|2758|1.31
Radson Integra Hygiene|RA-P1H|30|1500|900|172|3065|1.31
Radson Integra Hygiene|RA-P1H|30|1650|900|172|3371|1.31
Radson Integra Hygiene|RA-P1H|30|1800|900|172|3677|1.31
Radson Integra Hygiene|RA-P1H|30|1950|900|172|3984|1.31
Radson Integra Hygiene|RA-P1H|30|2100|900|172|4290|1.31
Radson Integra Hygiene|RA-P1H|30|2250|900|172|4597|1.31
Radson Integra Hygiene|RA-P1H|30|2400|900|172|4903|1.31
Radson Integra Hygiene|RA-P1H|30|2550|900|172|5210|1.31
Radson Integra Hygiene|RA-P1H|30|2700|900|172|5516|1.31
Radson Integra Hygiene|RA-P1H|30|3000|900|172|6129|1.31
