Manufacture|Type|SubType|Width|Height|Depth|Power|nValue
Radson Vertical|RA-P1V|20|300|1800|81|819|1.31
Radson Vertical|RA-P1V|20|450|1800|81|1229|1.31
Radson Vertical|RA-P1V|20|600|1800|81|1638|1.31
Radson Vertical|RA-P1V|20|750|1800|81|2048|1.31
Radson Vertical|RA-P1V|20|300|1950|81|877|1.31
Radson Vertical|RA-P1V|20|450|1950|81|1315|1.31
Radson Vertical|RA-P1V|20|600|1950|81|1753|1.31
Radson Vertical|RA-P1V|20|750|1950|81|2192|1.31
Radson Vertical|RA-P1V|20|300|2100|81|935|1.32
Radson Vertical|RA-P1V|20|450|2100|81|1403|1.32
Radson Vertical|RA-P1V|20|600|2100|81|1870|1.32
Radson Vertical|RA-P1V|20|750|2100|81|2338|1.32
Radson Vertical|RA-P1V|21|300|1800|81|963|1.34
Radson Vertical|RA-P1V|21|450|1800|81|1445|1.34
Radson Vertical|RA-P1V|21|600|1800|81|1926|1.34
Radson Vertical|RA-P1V|21|750|1800|81|2408|1.34
Radson Vertical|RA-P1V|21|300|1950|81|1020|1.34
Radson Vertical|RA-P1V|21|450|1950|81|1530|1.34
Radson Vertical|RA-P1V|21|600|1950|81|2040|1.34
Radson Vertical|RA-P1V|21|750|1950|81|2550|1.34
Radson Vertical|RA-P1V|21|300|2100|81|1081|1.34
Radson Vertical|RA-P1V|21|450|2100|81|1621|1.34
Radson Vertical|RA-P1V|21|600|2100|81|2162|1.34
Radson Vertical|RA-P1V|21|750|2100|81|2702|1.34
Radson Vertical|RA-P1V|22|300|1800|106|1132|1.36
Radson Vertical|RA-P1V|22|450|1800|106|1698|1.36
Radson Vertical|RA-P1V|22|600|1800|106|2264|1.36
Radson Vertical|RA-P1V|22|750|1800|106|2830|1.36
Radson Vertical|RA-P1V|22|300|1950|106|1192|1.36
Radson Vertical|RA-P1V|22|450|1950|106|1788|1.36
Radson Vertical|RA-P1V|22|600|1950|106|2384|1.36
Radson Vertical|RA-P1V|22|750|1950|106|2980|1.36
Radson Vertical|RA-P1V|22|300|2100|106|1252|1.37
Radson Vertical|RA-P1V|22|450|2100|106|1877|1.37
Radson Vertical|RA-P1V|22|600|2100|106|2503|1.37
Radson Vertical|RA-P1V|22|750|2100|106|3129|1.37
Radson Vertical|RA-P1V|22|300|2300|106|1332|1.37
Radson Vertical|RA-P1V|22|450|2300|106|1998|1.37
Radson Vertical|RA-P1V|22|600|2300|106|1663|1.37
Radson Vertical|RA-P1V|22|750|2300|106|3329|1.37
