﻿Manufacture|Type|SubType|Width|Height|Depth|Power|nValue
Jaga Tempo|WCON|C10|400|200|118|262|1.36
Jaga Tempo|WCON|C10|500|200|118|328|1.36
Jaga Tempo|WCON|C10|600|200|118|393|1.36
Jaga Tempo|WCON|C10|700|200|118|459|1.36
Jaga Tempo|WCON|C10|800|200|118|524|1.36
Jaga Tempo|WCON|C10|900|200|118|590|1.36
Jaga Tempo|WCON|C10|1000|200|118|655|1.36
Jaga Tempo|WCON|C10|1100|200|118|721|1.36
Jaga Tempo|WCON|C10|1200|200|118|786|1.36
Jaga Tempo|WCON|C10|1400|200|118|917|1.36
Jaga Tempo|WCON|C10|1600|200|118|1048|1.36
Jaga Tempo|WCON|C10|1800|200|118|1179|1.36
Jaga Tempo|WCON|C10|2000|200|118|1310|1.36
Jaga Tempo|WCON|C10|2200|200|118|1441|1.36
Jaga Tempo|WCON|C10|2400|200|118|1572|1.36
Jaga Tempo|WCON|C10|2600|200|118|1703|1.36
Jaga Tempo|WCON|C10|2800|200|118|1834|1.36
Jaga Tempo|WCON|C10|3000|200|118|1965|1.36
Jaga Tempo|WCON|C10|400|300|118|330|1.36
Jaga Tempo|WCON|C10|500|300|118|413|1.36
Jaga Tempo|WCON|C10|600|300|118|496|1.36
Jaga Tempo|WCON|C10|700|300|118|578|1.36
Jaga Tempo|WCON|C10|800|300|118|661|1.36
Jaga Tempo|WCON|C10|900|300|118|743|1.36
Jaga Tempo|WCON|C10|1000|300|118|826|1.36
Jaga Tempo|WCON|C10|1100|300|118|909|1.36
Jaga Tempo|WCON|C10|1200|300|118|991|1.36
Jaga Tempo|WCON|C10|1400|300|118|1156|1.36
Jaga Tempo|WCON|C10|1600|300|118|1322|1.36
Jaga Tempo|WCON|C10|1800|300|118|1487|1.36
Jaga Tempo|WCON|C10|2000|300|118|1652|1.36
Jaga Tempo|WCON|C10|2200|300|118|1817|1.36
Jaga Tempo|WCON|C10|2400|300|118|1982|1.36
Jaga Tempo|WCON|C10|2600|300|118|2148|1.36
Jaga Tempo|WCON|C10|2800|300|118|2313|1.36
Jaga Tempo|WCON|C10|3000|300|118|2478|1.36
Jaga Tempo|WCON|C10|400|400|118|385|1.36
Jaga Tempo|WCON|C10|500|400|118|482|1.36
Jaga Tempo|WCON|C10|600|400|118|578|1.36
Jaga Tempo|WCON|C10|700|400|118|674|1.36
Jaga Tempo|WCON|C10|800|400|118|770|1.36
Jaga Tempo|WCON|C10|900|400|118|867|1.36
Jaga Tempo|WCON|C10|1000|400|118|963|1.36
Jaga Tempo|WCON|C10|1100|400|118|1059|1.36
Jaga Tempo|WCON|C10|1200|400|118|1156|1.36
Jaga Tempo|WCON|C10|1400|400|118|1348|1.36
Jaga Tempo|WCON|C10|1600|400|118|1541|1.36
Jaga Tempo|WCON|C10|1800|400|118|1733|1.36
Jaga Tempo|WCON|C10|2000|400|118|1926|1.36
Jaga Tempo|WCON|C10|2200|400|118|2119|1.36
Jaga Tempo|WCON|C10|2400|400|118|2311|1.36
Jaga Tempo|WCON|C10|2600|400|118|2504|1.36
Jaga Tempo|WCON|C10|2800|400|118|2696|1.36
Jaga Tempo|WCON|C10|3000|400|118|2889|1.36
Jaga Tempo|WCON|C10|400|500|118|430|1.36
Jaga Tempo|WCON|C10|500|500|118|538|1.36
Jaga Tempo|WCON|C10|600|500|118|646|1.36
Jaga Tempo|WCON|C10|700|500|118|753|1.36
Jaga Tempo|WCON|C10|800|500|118|861|1.36
Jaga Tempo|WCON|C10|900|500|118|968|1.36
Jaga Tempo|WCON|C10|1000|500|118|1076|1.36
Jaga Tempo|WCON|C10|1100|500|118|1184|1.36
Jaga Tempo|WCON|C10|1200|500|118|1291|1.36
Jaga Tempo|WCON|C10|1400|500|118|1506|1.36
Jaga Tempo|WCON|C10|1600|500|118|1722|1.36
Jaga Tempo|WCON|C10|1800|500|118|1937|1.36
Jaga Tempo|WCON|C10|2000|500|118|2152|1.36
Jaga Tempo|WCON|C10|2200|500|118|2367|1.36
Jaga Tempo|WCON|C10|2400|500|118|2582|1.36
Jaga Tempo|WCON|C10|2600|500|118|2798|1.36
Jaga Tempo|WCON|C10|2800|500|118|3013|1.36
Jaga Tempo|WCON|C10|3000|500|118|3228|1.36
Jaga Tempo|WCON|C10|400|600|118|468|1.36
Jaga Tempo|WCON|C10|500|600|118|585|1.36
Jaga Tempo|WCON|C10|600|600|118|702|1.36
Jaga Tempo|WCON|C10|700|600|118|819|1.36
Jaga Tempo|WCON|C10|800|600|118|936|1.36
Jaga Tempo|WCON|C10|900|600|118|1053|1.36
Jaga Tempo|WCON|C10|1000|600|118|1170|1.36
Jaga Tempo|WCON|C10|1100|600|118|1287|1.36
Jaga Tempo|WCON|C10|1200|600|118|1404|1.36
Jaga Tempo|WCON|C10|1400|600|118|1638|1.36
Jaga Tempo|WCON|C10|1600|600|118|1872|1.36
Jaga Tempo|WCON|C10|1800|600|118|2106|1.36
Jaga Tempo|WCON|C10|2000|600|118|2340|1.36
Jaga Tempo|WCON|C10|2200|600|118|2574|1.36
Jaga Tempo|WCON|C10|2400|600|118|2808|1.36
Jaga Tempo|WCON|C10|2600|600|118|3042|1.36
Jaga Tempo|WCON|C10|2800|600|118|3276|1.36
Jaga Tempo|WCON|C10|3000|600|118|3510|1.36
Jaga Tempo|WCON|C10|400|700|118|499|1.36
Jaga Tempo|WCON|C10|500|700|118|624|1.36
Jaga Tempo|WCON|C10|600|700|118|749|1.36
Jaga Tempo|WCON|C10|700|700|118|874|1.36
Jaga Tempo|WCON|C10|800|700|118|998|1.36
Jaga Tempo|WCON|C10|900|700|118|1123|1.36
Jaga Tempo|WCON|C10|1000|700|118|1248|1.36
Jaga Tempo|WCON|C10|1100|700|118|1373|1.36
Jaga Tempo|WCON|C10|1200|700|118|1498|1.36
Jaga Tempo|WCON|C10|1400|700|118|1747|1.36
Jaga Tempo|WCON|C10|1600|700|118|1997|1.36
Jaga Tempo|WCON|C10|1800|700|118|2246|1.36
Jaga Tempo|WCON|C10|2000|700|118|2496|1.36
Jaga Tempo|WCON|C10|2200|700|118|2746|1.36
Jaga Tempo|WCON|C10|2400|700|118|2995|1.36
Jaga Tempo|WCON|C10|2600|700|118|3245|1.36
Jaga Tempo|WCON|C10|2800|700|118|3494|1.36
Jaga Tempo|WCON|C10|3000|700|118|3744|1.36
Jaga Tempo|WCON|C10|400|900|118|548|1.36
Jaga Tempo|WCON|C10|500|900|118|685|1.36
Jaga Tempo|WCON|C10|600|900|118|821|1.36
Jaga Tempo|WCON|C10|700|900|118|958|1.36
Jaga Tempo|WCON|C10|800|900|118|1095|1.36
Jaga Tempo|WCON|C10|900|900|118|1232|1.36
Jaga Tempo|WCON|C10|1000|900|118|1369|1.36
Jaga Tempo|WCON|C10|1100|900|118|1506|1.36
Jaga Tempo|WCON|C10|1200|900|118|1643|1.36
Jaga Tempo|WCON|C10|1400|900|118|1917|1.36
Jaga Tempo|WCON|C10|1600|900|118|2190|1.36
Jaga Tempo|WCON|C10|1800|900|118|2464|1.36
Jaga Tempo|WCON|C10|2000|900|118|2738|1.36
Jaga Tempo|WCON|C10|2200|900|118|3012|1.36
Jaga Tempo|WCON|C10|2400|900|118|3286|1.36
Jaga Tempo|WCON|C10|2600|900|118|3559|1.36
Jaga Tempo|WCON|C10|2800|900|118|3833|1.36
Jaga Tempo|WCON|C10|3000|900|118|4107|1.36
Jaga Tempo|WCON|C11|400|300|118|448|1.36
Jaga Tempo|WCON|C11|500|300|118|561|1.36
Jaga Tempo|WCON|C11|600|300|118|673|1.36
Jaga Tempo|WCON|C11|700|300|118|785|1.36
Jaga Tempo|WCON|C11|800|300|118|897|1.36
Jaga Tempo|WCON|C11|900|300|118|1009|1.36
Jaga Tempo|WCON|C11|1000|300|118|1121|1.36
Jaga Tempo|WCON|C11|1100|300|118|1233|1.36
Jaga Tempo|WCON|C11|1200|300|118|1345|1.36
Jaga Tempo|WCON|C11|1400|300|118|1569|1.36
Jaga Tempo|WCON|C11|1600|300|118|1794|1.36
Jaga Tempo|WCON|C11|1800|300|118|2018|1.36
Jaga Tempo|WCON|C11|2000|300|118|2242|1.36
Jaga Tempo|WCON|C11|2200|300|118|2466|1.36
Jaga Tempo|WCON|C11|2400|300|118|2690|1.36
Jaga Tempo|WCON|C11|2600|300|118|2915|1.36
Jaga Tempo|WCON|C11|2800|300|118|3139|1.36
Jaga Tempo|WCON|C11|3000|300|118|3363|1.36
Jaga Tempo|WCON|C11|400|400|118|506|1.36
Jaga Tempo|WCON|C11|500|400|118|632|1.36
Jaga Tempo|WCON|C11|600|400|118|758|1.36
Jaga Tempo|WCON|C11|700|400|118|885|1.36
Jaga Tempo|WCON|C11|800|400|118|1011|1.36
Jaga Tempo|WCON|C11|900|400|118|1138|1.36
Jaga Tempo|WCON|C11|1000|400|118|1264|1.36
Jaga Tempo|WCON|C11|1100|400|118|1390|1.36
Jaga Tempo|WCON|C11|1200|400|118|1517|1.36
Jaga Tempo|WCON|C11|1400|400|118|1770|1.36
Jaga Tempo|WCON|C11|1600|400|118|2022|1.36
Jaga Tempo|WCON|C11|1800|400|118|2275|1.36
Jaga Tempo|WCON|C11|2000|400|118|2528|1.36
Jaga Tempo|WCON|C11|2200|400|118|2781|1.36
Jaga Tempo|WCON|C11|2400|400|118|3034|1.36
Jaga Tempo|WCON|C11|2600|400|118|3286|1.36
Jaga Tempo|WCON|C11|2800|400|118|3539|1.36
Jaga Tempo|WCON|C11|3000|400|118|3792|1.36
Jaga Tempo|WCON|C11|400|500|118|554|1.36
Jaga Tempo|WCON|C11|500|500|118|693|1.36
Jaga Tempo|WCON|C11|600|500|118|832|1.36
Jaga Tempo|WCON|C11|700|500|118|970|1.36
Jaga Tempo|WCON|C11|800|500|118|1109|1.36
Jaga Tempo|WCON|C11|900|500|118|1247|1.36
Jaga Tempo|WCON|C11|1000|500|118|1386|1.36
Jaga Tempo|WCON|C11|1100|500|118|1525|1.36
Jaga Tempo|WCON|C11|1200|500|118|1663|1.36
Jaga Tempo|WCON|C11|1400|500|118|1940|1.36
Jaga Tempo|WCON|C11|1600|500|118|2218|1.36
Jaga Tempo|WCON|C11|1800|500|118|2495|1.36
Jaga Tempo|WCON|C11|2000|500|118|2772|1.36
Jaga Tempo|WCON|C11|2200|500|118|3049|1.36
Jaga Tempo|WCON|C11|2400|500|118|3326|1.36
Jaga Tempo|WCON|C11|2600|500|118|3604|1.36
Jaga Tempo|WCON|C11|2800|500|118|3881|1.36
Jaga Tempo|WCON|C11|3000|500|118|4158|1.36
Jaga Tempo|WCON|C11|400|600|118|598|1.36
Jaga Tempo|WCON|C11|500|600|118|747|1.36
Jaga Tempo|WCON|C11|600|600|118|896|1.36
Jaga Tempo|WCON|C11|700|600|118|1046|1.36
Jaga Tempo|WCON|C11|800|600|118|1195|1.36
Jaga Tempo|WCON|C11|900|600|118|1345|1.36
Jaga Tempo|WCON|C11|1000|600|118|1494|1.36
Jaga Tempo|WCON|C11|1100|600|118|1643|1.36
Jaga Tempo|WCON|C11|1200|600|118|1793|1.36
Jaga Tempo|WCON|C11|1400|600|118|2092|1.36
Jaga Tempo|WCON|C11|1600|600|118|2390|1.36
Jaga Tempo|WCON|C11|1800|600|118|2689|1.36
Jaga Tempo|WCON|C11|2000|600|118|2988|1.36
Jaga Tempo|WCON|C11|2200|600|118|3287|1.36
Jaga Tempo|WCON|C11|2400|600|118|3586|1.36
Jaga Tempo|WCON|C11|2600|600|118|3884|1.36
Jaga Tempo|WCON|C11|2800|600|118|4183|1.36
Jaga Tempo|WCON|C11|3000|600|118|4482|1.36
Jaga Tempo|WCON|C11|400|700|118|636|1.36
Jaga Tempo|WCON|C11|500|700|118|795|1.36
Jaga Tempo|WCON|C11|600|700|118|954|1.36
Jaga Tempo|WCON|C11|700|700|118|1113|1.36
Jaga Tempo|WCON|C11|800|700|118|1272|1.36
Jaga Tempo|WCON|C11|900|700|118|1431|1.36
Jaga Tempo|WCON|C11|1000|700|118|1590|1.36
Jaga Tempo|WCON|C11|1100|700|118|1749|1.36
Jaga Tempo|WCON|C11|1200|700|118|1908|1.36
Jaga Tempo|WCON|C11|1400|700|118|2226|1.36
Jaga Tempo|WCON|C11|1600|700|118|2544|1.36
Jaga Tempo|WCON|C11|1800|700|118|2862|1.36
Jaga Tempo|WCON|C11|2000|700|118|3180|1.36
Jaga Tempo|WCON|C11|2200|700|118|3498|1.36
Jaga Tempo|WCON|C11|2400|700|118|3816|1.36
Jaga Tempo|WCON|C11|2600|700|118|4134|1.36
Jaga Tempo|WCON|C11|2800|700|118|4452|1.36
Jaga Tempo|WCON|C11|3000|700|118|4770|1.36
Jaga Tempo|WCON|C11|400|900|118|703|1.36
Jaga Tempo|WCON|C11|500|900|118|879|1.36
Jaga Tempo|WCON|C11|600|900|118|1055|1.36
Jaga Tempo|WCON|C11|700|900|118|1231|1.36
Jaga Tempo|WCON|C11|800|900|118|1406|1.36
Jaga Tempo|WCON|C11|900|900|118|1582|1.36
Jaga Tempo|WCON|C11|1000|900|118|1758|1.36
Jaga Tempo|WCON|C11|1100|900|118|1934|1.36
Jaga Tempo|WCON|C11|1200|900|118|2110|1.36
Jaga Tempo|WCON|C11|1400|900|118|2461|1.36
Jaga Tempo|WCON|C11|1600|900|118|2813|1.36
Jaga Tempo|WCON|C11|1800|900|118|3164|1.36
Jaga Tempo|WCON|C11|2000|900|118|3516|1.36
Jaga Tempo|WCON|C11|2200|900|118|3868|1.36
Jaga Tempo|WCON|C11|2400|900|118|4219|1.36
Jaga Tempo|WCON|C11|2600|900|118|4571|1.36
Jaga Tempo|WCON|C11|2800|900|118|4922|1.36
Jaga Tempo|WCON|C11|3000|900|118|5274|1.36
Jaga Tempo|WCON|C15|400|200|168|436|1.36
Jaga Tempo|WCON|C15|500|200|168|545|1.36
Jaga Tempo|WCON|C15|600|200|168|654|1.36
Jaga Tempo|WCON|C15|700|200|168|763|1.36
Jaga Tempo|WCON|C15|800|200|168|872|1.36
Jaga Tempo|WCON|C15|900|200|168|981|1.36
Jaga Tempo|WCON|C15|1000|200|168|1090|1.36
Jaga Tempo|WCON|C15|1100|200|168|1199|1.36
Jaga Tempo|WCON|C15|1200|200|168|1308|1.36
Jaga Tempo|WCON|C15|1400|200|168|1526|1.36
Jaga Tempo|WCON|C15|1600|200|168|1744|1.36
Jaga Tempo|WCON|C15|1800|200|168|1962|1.36
Jaga Tempo|WCON|C15|2000|200|168|2180|1.36
Jaga Tempo|WCON|C15|2200|200|168|2398|1.36
Jaga Tempo|WCON|C15|2400|200|168|2616|1.36
Jaga Tempo|WCON|C15|2600|200|168|2834|1.36
Jaga Tempo|WCON|C15|2800|200|168|3052|1.36
Jaga Tempo|WCON|C15|3000|200|168|3270|1.36
Jaga Tempo|WCON|C15|400|300|168|544|1.36
Jaga Tempo|WCON|C15|500|300|168|680|1.36
Jaga Tempo|WCON|C15|600|300|168|815|1.36
Jaga Tempo|WCON|C15|700|300|168|951|1.36
Jaga Tempo|WCON|C15|800|300|168|1087|1.36
Jaga Tempo|WCON|C15|900|300|168|1223|1.36
Jaga Tempo|WCON|C15|1000|300|168|1359|1.36
Jaga Tempo|WCON|C15|1100|300|168|1495|1.36
Jaga Tempo|WCON|C15|1200|300|168|1631|1.36
Jaga Tempo|WCON|C15|1400|300|168|1903|1.36
Jaga Tempo|WCON|C15|1600|300|168|2174|1.36
Jaga Tempo|WCON|C15|1800|300|168|2446|1.36
Jaga Tempo|WCON|C15|2000|300|168|2718|1.36
Jaga Tempo|WCON|C15|2200|300|168|2990|1.36
Jaga Tempo|WCON|C15|2400|300|168|3262|1.36
Jaga Tempo|WCON|C15|2600|300|168|3533|1.36
Jaga Tempo|WCON|C15|2800|300|168|3805|1.36
Jaga Tempo|WCON|C15|3000|300|168|4077|1.36
Jaga Tempo|WCON|C15|400|400|168|627|1.36
Jaga Tempo|WCON|C15|500|400|168|784|1.36
Jaga Tempo|WCON|C15|600|400|168|941|1.36
Jaga Tempo|WCON|C15|700|400|168|1098|1.36
Jaga Tempo|WCON|C15|800|400|168|1254|1.36
Jaga Tempo|WCON|C15|900|400|168|1411|1.36
Jaga Tempo|WCON|C15|1000|400|168|1568|1.36
Jaga Tempo|WCON|C15|1100|400|168|1725|1.36
Jaga Tempo|WCON|C15|1200|400|168|1882|1.36
Jaga Tempo|WCON|C15|1400|400|168|2195|1.36
Jaga Tempo|WCON|C15|1600|400|168|2509|1.36
Jaga Tempo|WCON|C15|1800|400|168|2822|1.36
Jaga Tempo|WCON|C15|2000|400|168|3136|1.36
Jaga Tempo|WCON|C15|2200|400|168|3450|1.36
Jaga Tempo|WCON|C15|2400|400|168|3763|1.36
Jaga Tempo|WCON|C15|2600|400|168|4077|1.36
Jaga Tempo|WCON|C15|2800|400|168|4390|1.36
Jaga Tempo|WCON|C15|3000|400|168|4704|1.36
Jaga Tempo|WCON|C15|400|500|168|694|1.36
Jaga Tempo|WCON|C15|500|500|168|867|1.36
Jaga Tempo|WCON|C15|600|500|168|1040|1.36
Jaga Tempo|WCON|C15|700|500|168|1214|1.36
Jaga Tempo|WCON|C15|800|500|168|1387|1.36
Jaga Tempo|WCON|C15|900|500|168|1561|1.36
Jaga Tempo|WCON|C15|1000|500|168|1734|1.36
Jaga Tempo|WCON|C15|1100|500|168|1907|1.36
Jaga Tempo|WCON|C15|1200|500|168|2081|1.36
Jaga Tempo|WCON|C15|1400|500|168|2428|1.36
Jaga Tempo|WCON|C15|1600|500|168|2774|1.36
Jaga Tempo|WCON|C15|1800|500|168|3121|1.36
Jaga Tempo|WCON|C15|2000|500|168|3468|1.36
Jaga Tempo|WCON|C15|2200|500|168|3815|1.36
Jaga Tempo|WCON|C15|2400|500|168|4162|1.36
Jaga Tempo|WCON|C15|2600|500|168|4508|1.36
Jaga Tempo|WCON|C15|2800|500|168|4855|1.36
Jaga Tempo|WCON|C15|3000|500|168|5202|1.36
Jaga Tempo|WCON|C15|400|600|168|746|1.36
Jaga Tempo|WCON|C15|500|600|168|933|1.36
Jaga Tempo|WCON|C15|600|600|168|1120|1.36
Jaga Tempo|WCON|C15|700|600|168|1306|1.36
Jaga Tempo|WCON|C15|800|600|168|1493|1.36
Jaga Tempo|WCON|C15|900|600|168|1679|1.36
Jaga Tempo|WCON|C15|1000|600|168|1866|1.36
Jaga Tempo|WCON|C15|1100|600|168|2053|1.36
Jaga Tempo|WCON|C15|1200|600|168|2239|1.36
Jaga Tempo|WCON|C15|1400|600|168|2612|1.36
Jaga Tempo|WCON|C15|1600|600|168|2986|1.36
Jaga Tempo|WCON|C15|1800|600|168|3359|1.36
Jaga Tempo|WCON|C15|2000|600|168|3732|1.36
Jaga Tempo|WCON|C15|2200|600|168|4105|1.36
Jaga Tempo|WCON|C15|2400|600|168|4478|1.36
Jaga Tempo|WCON|C15|2600|600|168|4852|1.36
Jaga Tempo|WCON|C15|2800|600|168|5225|1.36
Jaga Tempo|WCON|C15|3000|600|168|5598|1.36
Jaga Tempo|WCON|C15|400|700|168|789|1.36
Jaga Tempo|WCON|C15|500|700|168|986|1.36
Jaga Tempo|WCON|C15|600|700|168|1183|1.36
Jaga Tempo|WCON|C15|700|700|168|1380|1.36
Jaga Tempo|WCON|C15|800|700|168|1578|1.36
Jaga Tempo|WCON|C15|900|700|168|1775|1.36
Jaga Tempo|WCON|C15|1000|700|168|1972|1.36
Jaga Tempo|WCON|C15|1100|700|168|2169|1.36
Jaga Tempo|WCON|C15|1200|700|168|2366|1.36
Jaga Tempo|WCON|C15|1400|700|168|2761|1.36
Jaga Tempo|WCON|C15|1600|700|168|3155|1.36
Jaga Tempo|WCON|C15|1800|700|168|3550|1.36
Jaga Tempo|WCON|C15|2000|700|168|3944|1.36
Jaga Tempo|WCON|C15|2200|700|168|4338|1.36
Jaga Tempo|WCON|C15|2400|700|168|4733|1.36
Jaga Tempo|WCON|C15|2600|700|168|5127|1.36
Jaga Tempo|WCON|C15|2800|700|168|5522|1.36
Jaga Tempo|WCON|C15|3000|700|168|5916|1.36
Jaga Tempo|WCON|C15|400|900|168|848|1.36
Jaga Tempo|WCON|C15|500|900|168|1060|1.36
Jaga Tempo|WCON|C15|600|900|168|1272|1.36
Jaga Tempo|WCON|C15|700|900|168|1484|1.36
Jaga Tempo|WCON|C15|800|900|168|1696|1.36
Jaga Tempo|WCON|C15|900|900|168|1908|1.36
Jaga Tempo|WCON|C15|1000|900|168|2120|1.36
Jaga Tempo|WCON|C15|1100|900|168|2332|1.36
Jaga Tempo|WCON|C15|1200|900|168|2544|1.36
Jaga Tempo|WCON|C15|1400|900|168|2968|1.36
Jaga Tempo|WCON|C15|1600|900|168|3392|1.36
Jaga Tempo|WCON|C15|1800|900|168|3816|1.36
Jaga Tempo|WCON|C15|2000|900|168|4240|1.36
Jaga Tempo|WCON|C15|2200|900|168|4664|1.36
Jaga Tempo|WCON|C15|2400|900|168|5088|1.36
Jaga Tempo|WCON|C15|2600|900|168|5512|1.36
Jaga Tempo|WCON|C15|2800|900|168|5936|1.36
Jaga Tempo|WCON|C15|3000|900|168|6360|1.36
Jaga Tempo|WCON|C16|400|300|168|592|1.36
Jaga Tempo|WCON|C16|500|300|168|740|1.36
Jaga Tempo|WCON|C16|600|300|168|888|1.36
Jaga Tempo|WCON|C16|700|300|168|1036|1.36
Jaga Tempo|WCON|C16|800|300|168|1184|1.36
Jaga Tempo|WCON|C16|900|300|168|1332|1.36
Jaga Tempo|WCON|C16|1000|300|168|1480|1.36
Jaga Tempo|WCON|C16|1100|300|168|1628|1.36
Jaga Tempo|WCON|C16|1200|300|168|1776|1.36
Jaga Tempo|WCON|C16|1400|300|168|2072|1.36
Jaga Tempo|WCON|C16|1600|300|168|2368|1.36
Jaga Tempo|WCON|C16|1800|300|168|2664|1.36
Jaga Tempo|WCON|C16|2000|300|168|2960|1.36
Jaga Tempo|WCON|C16|2200|300|168|3256|1.36
Jaga Tempo|WCON|C16|2400|300|168|3552|1.36
Jaga Tempo|WCON|C16|2600|300|168|3848|1.36
Jaga Tempo|WCON|C16|2800|300|168|4144|1.36
Jaga Tempo|WCON|C16|3000|300|168|4440|1.36
Jaga Tempo|WCON|C16|400|400|168|680|1.36
Jaga Tempo|WCON|C16|500|400|168|850|1.36
Jaga Tempo|WCON|C16|600|400|168|1020|1.36
Jaga Tempo|WCON|C16|700|400|168|1190|1.36
Jaga Tempo|WCON|C16|800|400|168|1360|1.36
Jaga Tempo|WCON|C16|900|400|168|1530|1.36
Jaga Tempo|WCON|C16|1000|400|168|1700|1.36
Jaga Tempo|WCON|C16|1100|400|168|1870|1.36
Jaga Tempo|WCON|C16|1200|400|168|2040|1.36
Jaga Tempo|WCON|C16|1400|400|168|2380|1.36
Jaga Tempo|WCON|C16|1600|400|168|2720|1.36
Jaga Tempo|WCON|C16|1800|400|168|3060|1.36
Jaga Tempo|WCON|C16|2000|400|168|3400|1.36
Jaga Tempo|WCON|C16|2200|400|168|3740|1.36
Jaga Tempo|WCON|C16|2400|400|168|4080|1.36
Jaga Tempo|WCON|C16|2600|400|168|4420|1.36
Jaga Tempo|WCON|C16|2800|400|168|4760|1.36
Jaga Tempo|WCON|C16|3000|400|168|5100|1.36
Jaga Tempo|WCON|C16|400|500|168|759|1.36
Jaga Tempo|WCON|C16|500|500|168|949|1.36
Jaga Tempo|WCON|C16|600|500|168|1139|1.36
Jaga Tempo|WCON|C16|700|500|168|1329|1.36
Jaga Tempo|WCON|C16|800|500|168|1518|1.36
Jaga Tempo|WCON|C16|900|500|168|1708|1.36
Jaga Tempo|WCON|C16|1000|500|168|1898|1.36
Jaga Tempo|WCON|C16|1100|500|168|2088|1.36
Jaga Tempo|WCON|C16|1200|500|168|2278|1.36
Jaga Tempo|WCON|C16|1400|500|168|2657|1.36
Jaga Tempo|WCON|C16|1600|500|168|3037|1.36
Jaga Tempo|WCON|C16|1800|500|168|3416|1.36
Jaga Tempo|WCON|C16|2000|500|168|3796|1.36
Jaga Tempo|WCON|C16|2200|500|168|4176|1.36
Jaga Tempo|WCON|C16|2400|500|168|4555|1.36
Jaga Tempo|WCON|C16|2600|500|168|4935|1.36
Jaga Tempo|WCON|C16|2800|500|168|5314|1.36
Jaga Tempo|WCON|C16|3000|500|168|5694|1.36
Jaga Tempo|WCON|C16|400|600|168|834|1.36
Jaga Tempo|WCON|C16|500|600|168|1042|1.36
Jaga Tempo|WCON|C16|600|600|168|1250|1.36
Jaga Tempo|WCON|C16|700|600|168|1459|1.36
Jaga Tempo|WCON|C16|800|600|168|1667|1.36
Jaga Tempo|WCON|C16|900|600|168|1876|1.36
Jaga Tempo|WCON|C16|1000|600|168|2084|1.36
Jaga Tempo|WCON|C16|1100|600|168|2292|1.36
Jaga Tempo|WCON|C16|1200|600|168|2501|1.36
Jaga Tempo|WCON|C16|1400|600|168|2918|1.36
Jaga Tempo|WCON|C16|1600|600|168|3334|1.36
Jaga Tempo|WCON|C16|1800|600|168|3751|1.36
Jaga Tempo|WCON|C16|2000|600|168|4168|1.36
Jaga Tempo|WCON|C16|2200|600|168|4585|1.36
Jaga Tempo|WCON|C16|2400|600|168|5002|1.36
Jaga Tempo|WCON|C16|2600|600|168|5418|1.36
Jaga Tempo|WCON|C16|2800|600|168|5835|1.36
Jaga Tempo|WCON|C16|3000|600|168|6252|1.36
Jaga Tempo|WCON|C16|400|700|168|904|1.36
Jaga Tempo|WCON|C16|500|700|168|1130|1.36
Jaga Tempo|WCON|C16|600|700|168|1356|1.36
Jaga Tempo|WCON|C16|700|700|168|1582|1.36
Jaga Tempo|WCON|C16|800|700|168|1808|1.36
Jaga Tempo|WCON|C16|900|700|168|2034|1.36
Jaga Tempo|WCON|C16|1000|700|168|2260|1.36
Jaga Tempo|WCON|C16|1100|700|168|2486|1.36
Jaga Tempo|WCON|C16|1200|700|168|2712|1.36
Jaga Tempo|WCON|C16|1400|700|168|3164|1.36
Jaga Tempo|WCON|C16|1600|700|168|3616|1.36
Jaga Tempo|WCON|C16|1800|700|168|4068|1.36
Jaga Tempo|WCON|C16|2000|700|168|4520|1.36
Jaga Tempo|WCON|C16|2200|700|168|4972|1.36
Jaga Tempo|WCON|C16|2400|700|168|5424|1.36
Jaga Tempo|WCON|C16|2600|700|168|5876|1.36
Jaga Tempo|WCON|C16|2800|700|168|6328|1.36
Jaga Tempo|WCON|C16|3000|700|168|6780|1.36
Jaga Tempo|WCON|C16|400|900|168|1038|1.36
Jaga Tempo|WCON|C16|500|900|168|1298|1.36
Jaga Tempo|WCON|C16|600|900|168|1558|1.36
Jaga Tempo|WCON|C16|700|900|168|1817|1.36
Jaga Tempo|WCON|C16|800|900|168|2077|1.36
Jaga Tempo|WCON|C16|900|900|168|2336|1.36
Jaga Tempo|WCON|C16|1000|900|168|2596|1.36
Jaga Tempo|WCON|C16|1100|900|168|2856|1.36
Jaga Tempo|WCON|C16|1200|900|168|3115|1.36
Jaga Tempo|WCON|C16|1400|900|168|3634|1.36
Jaga Tempo|WCON|C16|1600|900|168|4154|1.36
Jaga Tempo|WCON|C16|1800|900|168|4673|1.36
Jaga Tempo|WCON|C16|2000|900|168|5192|1.36
Jaga Tempo|WCON|C16|2200|900|168|5711|1.36
Jaga Tempo|WCON|C16|2400|900|168|6230|1.36
Jaga Tempo|WCON|C16|2600|900|168|6750|1.36
Jaga Tempo|WCON|C16|2800|900|168|7269|1.36
Jaga Tempo|WCON|C16|3000|900|168|7788|1.36
Jaga Tempo|WCON|C20|400|200|218|613|1.36
Jaga Tempo|WCON|C20|500|200|218|766|1.36
Jaga Tempo|WCON|C20|600|200|218|919|1.36
Jaga Tempo|WCON|C20|700|200|218|1072|1.36
Jaga Tempo|WCON|C20|800|200|218|1226|1.36
Jaga Tempo|WCON|C20|900|200|218|1379|1.36
Jaga Tempo|WCON|C20|1000|200|218|1532|1.36
Jaga Tempo|WCON|C20|1100|200|218|1685|1.36
Jaga Tempo|WCON|C20|1200|200|218|1838|1.36
Jaga Tempo|WCON|C20|1400|200|218|2145|1.36
Jaga Tempo|WCON|C20|1600|200|218|2451|1.36
Jaga Tempo|WCON|C20|1800|200|218|2758|1.36
Jaga Tempo|WCON|C20|2000|200|218|3064|1.36
Jaga Tempo|WCON|C20|2200|200|218|3370|1.36
Jaga Tempo|WCON|C20|2400|200|218|3677|1.36
Jaga Tempo|WCON|C20|2600|200|218|3983|1.36
Jaga Tempo|WCON|C20|2800|200|218|4290|1.36
Jaga Tempo|WCON|C20|3000|200|218|4596|1.36
Jaga Tempo|WCON|C20|400|300|218|762|1.36
Jaga Tempo|WCON|C20|500|300|218|953|1.36
Jaga Tempo|WCON|C20|600|300|218|1144|1.36
Jaga Tempo|WCON|C20|700|300|218|1334|1.36
Jaga Tempo|WCON|C20|800|300|218|1525|1.36
Jaga Tempo|WCON|C20|900|300|218|1715|1.36
Jaga Tempo|WCON|C20|1000|300|218|1906|1.36
Jaga Tempo|WCON|C20|1100|300|218|2097|1.36
Jaga Tempo|WCON|C20|1200|300|218|2287|1.36
Jaga Tempo|WCON|C20|1400|300|218|2668|1.36
Jaga Tempo|WCON|C20|1600|300|218|3050|1.36
Jaga Tempo|WCON|C20|1800|300|218|3431|1.36
Jaga Tempo|WCON|C20|2000|300|218|3812|1.36
Jaga Tempo|WCON|C20|2200|300|218|4193|1.36
Jaga Tempo|WCON|C20|2400|300|218|4574|1.36
Jaga Tempo|WCON|C20|2600|300|218|4956|1.36
Jaga Tempo|WCON|C20|2800|300|218|5337|1.36
Jaga Tempo|WCON|C20|3000|300|218|5718|1.36
Jaga Tempo|WCON|C20|400|400|218|878|1.36
Jaga Tempo|WCON|C20|500|400|218|1098|1.36
Jaga Tempo|WCON|C20|600|400|218|1318|1.36
Jaga Tempo|WCON|C20|700|400|218|1537|1.36
Jaga Tempo|WCON|C20|800|400|218|1757|1.36
Jaga Tempo|WCON|C20|900|400|218|1976|1.36
Jaga Tempo|WCON|C20|1000|400|218|2196|1.36
Jaga Tempo|WCON|C20|1100|400|218|2416|1.36
Jaga Tempo|WCON|C20|1200|400|218|2635|1.36
Jaga Tempo|WCON|C20|1400|400|218|3074|1.36
Jaga Tempo|WCON|C20|1600|400|218|3514|1.36
Jaga Tempo|WCON|C20|1800|400|218|3953|1.36
Jaga Tempo|WCON|C20|2000|400|218|4392|1.36
Jaga Tempo|WCON|C20|2200|400|218|4831|1.36
Jaga Tempo|WCON|C20|2400|400|218|5270|1.36
Jaga Tempo|WCON|C20|2600|400|218|5710|1.36
Jaga Tempo|WCON|C20|2800|400|218|6149|1.36
Jaga Tempo|WCON|C20|3000|400|218|6588|1.36
Jaga Tempo|WCON|C20|400|500|218|970|1.36
Jaga Tempo|WCON|C20|500|500|218|1213|1.36
Jaga Tempo|WCON|C20|600|500|218|1455|1.36
Jaga Tempo|WCON|C20|700|500|218|1698|1.36
Jaga Tempo|WCON|C20|800|500|218|1940|1.36
Jaga Tempo|WCON|C20|900|500|218|2183|1.36
Jaga Tempo|WCON|C20|1000|500|218|2425|1.36
Jaga Tempo|WCON|C20|1100|500|218|2668|1.36
Jaga Tempo|WCON|C20|1200|500|218|2910|1.36
Jaga Tempo|WCON|C20|1400|500|218|3395|1.36
Jaga Tempo|WCON|C20|1600|500|218|3880|1.36
Jaga Tempo|WCON|C20|1800|500|218|4365|1.36
Jaga Tempo|WCON|C20|2000|500|218|4850|1.36
Jaga Tempo|WCON|C20|2200|500|218|5335|1.36
Jaga Tempo|WCON|C20|2400|500|218|5820|1.36
Jaga Tempo|WCON|C20|2600|500|218|6305|1.36
Jaga Tempo|WCON|C20|2800|500|218|6790|1.36
Jaga Tempo|WCON|C20|3000|500|218|7275|1.36
Jaga Tempo|WCON|C20|400|600|218|1043|1.36
Jaga Tempo|WCON|C20|500|600|218|1304|1.36
Jaga Tempo|WCON|C20|600|600|218|1565|1.36
Jaga Tempo|WCON|C20|700|600|218|1826|1.36
Jaga Tempo|WCON|C20|800|600|218|2086|1.36
Jaga Tempo|WCON|C20|900|600|218|2347|1.36
Jaga Tempo|WCON|C20|1000|600|218|2608|1.36
Jaga Tempo|WCON|C20|1100|600|218|2869|1.36
Jaga Tempo|WCON|C20|1200|600|218|3130|1.36
Jaga Tempo|WCON|C20|1400|600|218|3651|1.36
Jaga Tempo|WCON|C20|1600|600|218|4173|1.36
Jaga Tempo|WCON|C20|1800|600|218|4694|1.36
Jaga Tempo|WCON|C20|2000|600|218|5216|1.36
Jaga Tempo|WCON|C20|2200|600|218|5738|1.36
Jaga Tempo|WCON|C20|2400|600|218|6259|1.36
Jaga Tempo|WCON|C20|2600|600|218|6781|1.36
Jaga Tempo|WCON|C20|2800|600|218|7302|1.36
Jaga Tempo|WCON|C20|3000|600|218|7824|1.36
Jaga Tempo|WCON|C20|400|700|218|1101|1.36
Jaga Tempo|WCON|C20|500|700|218|1377|1.36
Jaga Tempo|WCON|C20|600|700|218|1652|1.36
Jaga Tempo|WCON|C20|700|700|218|1927|1.36
Jaga Tempo|WCON|C20|800|700|218|2202|1.36
Jaga Tempo|WCON|C20|900|700|218|2478|1.36
Jaga Tempo|WCON|C20|1000|700|218|2753|1.36
Jaga Tempo|WCON|C20|1100|700|218|3028|1.36
Jaga Tempo|WCON|C20|1200|700|218|3304|1.36
Jaga Tempo|WCON|C20|1400|700|218|3854|1.36
Jaga Tempo|WCON|C20|1600|700|218|4405|1.36
Jaga Tempo|WCON|C20|1800|700|218|4955|1.36
Jaga Tempo|WCON|C20|2000|700|218|5506|1.36
Jaga Tempo|WCON|C20|2200|700|218|6057|1.36
Jaga Tempo|WCON|C20|2400|700|218|6607|1.36
Jaga Tempo|WCON|C20|2600|700|218|7158|1.36
Jaga Tempo|WCON|C20|2800|700|218|7708|1.36
Jaga Tempo|WCON|C20|3000|700|218|8259|1.36
Jaga Tempo|WCON|C20|400|900|218|1183|1.36
Jaga Tempo|WCON|C20|500|900|218|1479|1.36
Jaga Tempo|WCON|C20|600|900|218|1774|1.36
Jaga Tempo|WCON|C20|700|900|218|2070|1.36
Jaga Tempo|WCON|C20|800|900|218|2366|1.36
Jaga Tempo|WCON|C20|900|900|218|2661|1.36
Jaga Tempo|WCON|C20|1000|900|218|2957|1.36
Jaga Tempo|WCON|C20|1100|900|218|3253|1.36
Jaga Tempo|WCON|C20|1200|900|218|3548|1.36
Jaga Tempo|WCON|C20|1400|900|218|4140|1.36
Jaga Tempo|WCON|C20|1600|900|218|4731|1.36
Jaga Tempo|WCON|C20|1800|900|218|5323|1.36
Jaga Tempo|WCON|C20|2000|900|218|5914|1.36
Jaga Tempo|WCON|C20|2200|900|218|6505|1.36
Jaga Tempo|WCON|C20|2400|900|218|7097|1.36
Jaga Tempo|WCON|C20|2600|900|218|7688|1.36
Jaga Tempo|WCON|C20|2800|900|218|8280|1.36
Jaga Tempo|WCON|C20|3000|900|218|8871|1.36
Jaga Tempo|WCON|C21|400|300|218|779|1.36
Jaga Tempo|WCON|C21|500|300|218|974|1.36
Jaga Tempo|WCON|C21|600|300|218|1169|1.36
Jaga Tempo|WCON|C21|700|300|218|1364|1.36
Jaga Tempo|WCON|C21|800|300|218|1558|1.36
Jaga Tempo|WCON|C21|900|300|218|1753|1.36
Jaga Tempo|WCON|C21|1000|300|218|1948|1.36
Jaga Tempo|WCON|C21|1100|300|218|2143|1.36
Jaga Tempo|WCON|C21|1200|300|218|2338|1.36
Jaga Tempo|WCON|C21|1400|300|218|2727|1.36
Jaga Tempo|WCON|C21|1600|300|218|3117|1.36
Jaga Tempo|WCON|C21|1800|300|218|3506|1.36
Jaga Tempo|WCON|C21|2000|300|218|3896|1.36
Jaga Tempo|WCON|C21|2200|300|218|4286|1.36
Jaga Tempo|WCON|C21|2400|300|218|4675|1.36
Jaga Tempo|WCON|C21|2600|300|218|5065|1.36
Jaga Tempo|WCON|C21|2800|300|218|5454|1.36
Jaga Tempo|WCON|C21|3000|300|218|5844|1.36
Jaga Tempo|WCON|C21|400|400|218|910|1.36
Jaga Tempo|WCON|C21|500|400|218|1137|1.36
Jaga Tempo|WCON|C21|600|400|218|1364|1.36
Jaga Tempo|WCON|C21|700|400|218|1592|1.36
Jaga Tempo|WCON|C21|800|400|218|1819|1.36
Jaga Tempo|WCON|C21|900|400|218|2047|1.36
Jaga Tempo|WCON|C21|1000|400|218|2274|1.36
Jaga Tempo|WCON|C21|1100|400|218|2501|1.36
Jaga Tempo|WCON|C21|1200|400|218|2729|1.36
Jaga Tempo|WCON|C21|1400|400|218|3184|1.36
Jaga Tempo|WCON|C21|1600|400|218|3638|1.36
Jaga Tempo|WCON|C21|1800|400|218|4093|1.36
Jaga Tempo|WCON|C21|2000|400|218|4548|1.36
Jaga Tempo|WCON|C21|2200|400|218|5003|1.36
Jaga Tempo|WCON|C21|2400|400|218|5458|1.36
Jaga Tempo|WCON|C21|2600|400|218|5912|1.36
Jaga Tempo|WCON|C21|2800|400|218|6367|1.36
Jaga Tempo|WCON|C21|3000|400|218|6822|1.36
Jaga Tempo|WCON|C21|400|500|218|1033|1.36
Jaga Tempo|WCON|C21|500|500|218|1291|1.36
Jaga Tempo|WCON|C21|600|500|218|1549|1.36
Jaga Tempo|WCON|C21|700|500|218|1807|1.36
Jaga Tempo|WCON|C21|800|500|218|2066|1.36
Jaga Tempo|WCON|C21|900|500|218|2324|1.36
Jaga Tempo|WCON|C21|1000|500|218|2582|1.36
Jaga Tempo|WCON|C21|1100|500|218|2840|1.36
Jaga Tempo|WCON|C21|1200|500|218|3098|1.36
Jaga Tempo|WCON|C21|1400|500|218|3615|1.36
Jaga Tempo|WCON|C21|1600|500|218|4131|1.36
Jaga Tempo|WCON|C21|1800|500|218|4648|1.36
Jaga Tempo|WCON|C21|2000|500|218|5164|1.36
Jaga Tempo|WCON|C21|2200|500|218|5680|1.36
Jaga Tempo|WCON|C21|2400|500|218|6197|1.36
Jaga Tempo|WCON|C21|2600|500|218|6713|1.36
Jaga Tempo|WCON|C21|2800|500|218|7230|1.36
Jaga Tempo|WCON|C21|3000|500|218|7746|1.36
Jaga Tempo|WCON|C21|400|600|218|1153|1.36
Jaga Tempo|WCON|C21|500|600|218|1441|1.36
Jaga Tempo|WCON|C21|600|600|218|1729|1.36
Jaga Tempo|WCON|C21|700|600|218|2017|1.36
Jaga Tempo|WCON|C21|800|600|218|2306|1.36
Jaga Tempo|WCON|C21|900|600|218|2594|1.36
Jaga Tempo|WCON|C21|1000|600|218|2882|1.36
Jaga Tempo|WCON|C21|1100|600|218|3170|1.36
Jaga Tempo|WCON|C21|1200|600|218|3458|1.36
Jaga Tempo|WCON|C21|1400|600|218|4035|1.36
Jaga Tempo|WCON|C21|1600|600|218|4611|1.36
Jaga Tempo|WCON|C21|1800|600|218|5188|1.36
Jaga Tempo|WCON|C21|2000|600|218|5764|1.36
Jaga Tempo|WCON|C21|2200|600|218|6340|1.36
Jaga Tempo|WCON|C21|2400|600|218|6917|1.36
Jaga Tempo|WCON|C21|2600|600|218|7493|1.36
Jaga Tempo|WCON|C21|2800|600|218|8070|1.36
Jaga Tempo|WCON|C21|3000|600|218|8646|1.36
Jaga Tempo|WCON|C21|400|700|218|1271|1.36
Jaga Tempo|WCON|C21|500|700|218|1589|1.36
Jaga Tempo|WCON|C21|600|700|218|1906|1.36
Jaga Tempo|WCON|C21|700|700|218|2224|1.36
Jaga Tempo|WCON|C21|800|700|218|2542|1.36
Jaga Tempo|WCON|C21|900|700|218|2859|1.36
Jaga Tempo|WCON|C21|1000|700|218|3177|1.36
Jaga Tempo|WCON|C21|1100|700|218|3495|1.36
Jaga Tempo|WCON|C21|1200|700|218|3812|1.36
Jaga Tempo|WCON|C21|1400|700|218|4448|1.36
Jaga Tempo|WCON|C21|1600|700|218|5083|1.36
Jaga Tempo|WCON|C21|1800|700|218|5719|1.36
Jaga Tempo|WCON|C21|2000|700|218|6354|1.36
Jaga Tempo|WCON|C21|2200|700|218|6989|1.36
Jaga Tempo|WCON|C21|2400|700|218|7625|1.36
Jaga Tempo|WCON|C21|2600|700|218|8260|1.36
Jaga Tempo|WCON|C21|2800|700|218|8896|1.36
Jaga Tempo|WCON|C21|3000|700|218|9531|1.36
Jaga Tempo|WCON|C21|400|900|218|1508|1.36
Jaga Tempo|WCON|C21|500|900|218|1885|1.36
Jaga Tempo|WCON|C21|600|900|218|2262|1.36
Jaga Tempo|WCON|C21|700|900|218|2639|1.36
Jaga Tempo|WCON|C21|800|900|218|3016|1.36
Jaga Tempo|WCON|C21|900|900|218|3393|1.36
Jaga Tempo|WCON|C21|1000|900|218|3770|1.36
Jaga Tempo|WCON|C21|1100|900|218|4147|1.36
Jaga Tempo|WCON|C21|1200|900|218|4524|1.36
Jaga Tempo|WCON|C21|1400|900|218|5278|1.36
Jaga Tempo|WCON|C21|1600|900|218|6032|1.36
Jaga Tempo|WCON|C21|1800|900|218|6786|1.36
Jaga Tempo|WCON|C21|2000|900|218|7540|1.36
Jaga Tempo|WCON|C21|2200|900|218|8294|1.36
Jaga Tempo|WCON|C21|2400|900|218|9048|1.36
Jaga Tempo|WCON|C21|2600|900|218|9802|1.36
Jaga Tempo|WCON|C21|2800|900|218|10556|1.36
Jaga Tempo|WCON|C21|3000|900|218|11310|1.36
