﻿Manufacture|Type|SubType|Width|Height|Depth|Power|nValue
Jaga wandinbouw convector|WICON|T10|400|200|100|262|1.36
Jaga wandinbouw convector|WICON|T10|500|200|100|328|1.36
Jaga wandinbouw convector|WICON|T10|600|200|100|393|1.36
Jaga wandinbouw convector|WICON|T10|700|200|100|549|1.36
Jaga wandinbouw convector|WICON|T10|800|200|100|524|1.36
Jaga wandinbouw convector|WICON|T10|900|200|100|590|1.36
Jaga wandinbouw convector|WICON|T10|1000|200|100|655|1.36
Jaga wandinbouw convector|WICON|T10|1100|200|100|721|1.36
Jaga wandinbouw convector|WICON|T10|1200|200|100|786|1.36
Jaga wandinbouw convector|WICON|T10|1400|200|100|917|1.36
Jaga wandinbouw convector|WICON|T10|1600|200|100|1048|1.36
Jaga wandinbouw convector|WICON|T10|1800|200|100|1179|1.36
Jaga wandinbouw convector|WICON|T10|2000|200|100|1310|1.36
Jaga wandinbouw convector|WICON|T10|2200|200|100|1441|1.36
Jaga wandinbouw convector|WICON|T10|2400|200|100|1572|1.36
Jaga wandinbouw convector|WICON|T10|2600|200|100|1703|1.36
Jaga wandinbouw convector|WICON|T10|2800|200|100|1834|1.36
Jaga wandinbouw convector|WICON|T10|3000|200|100|1965|1.36
Jaga wandinbouw convector|WICON|T10|400|300|100|330|1.36
Jaga wandinbouw convector|WICON|T10|500|300|100|413|1.36
Jaga wandinbouw convector|WICON|T10|600|300|100|496|1.36
Jaga wandinbouw convector|WICON|T10|700|300|100|578|1.36
Jaga wandinbouw convector|WICON|T10|800|300|100|661|1.36
Jaga wandinbouw convector|WICON|T10|900|300|100|743|1.36
Jaga wandinbouw convector|WICON|T10|1000|300|100|826|1.36
Jaga wandinbouw convector|WICON|T10|1100|300|100|909|1.36
Jaga wandinbouw convector|WICON|T10|1200|300|100|991|1.36
Jaga wandinbouw convector|WICON|T10|1400|300|100|1156|1.36
Jaga wandinbouw convector|WICON|T10|1600|300|100|1322|1.36
Jaga wandinbouw convector|WICON|T10|1800|300|100|1487|1.36
Jaga wandinbouw convector|WICON|T10|2000|300|100|1652|1.36
Jaga wandinbouw convector|WICON|T10|2200|300|100|1817|1.36
Jaga wandinbouw convector|WICON|T10|2400|300|100|1982|1.36
Jaga wandinbouw convector|WICON|T10|2600|300|100|2148|1.36
Jaga wandinbouw convector|WICON|T10|2800|300|100|2313|1.36
Jaga wandinbouw convector|WICON|T10|3000|300|100|2478|1.36
Jaga wandinbouw convector|WICON|T10|400|400|100|385|1.36
Jaga wandinbouw convector|WICON|T10|500|400|100|482|1.36
Jaga wandinbouw convector|WICON|T10|600|400|100|578|1.36
Jaga wandinbouw convector|WICON|T10|700|400|100|674|1.36
Jaga wandinbouw convector|WICON|T10|800|400|100|770|1.36
Jaga wandinbouw convector|WICON|T10|900|400|100|867|1.36
Jaga wandinbouw convector|WICON|T10|1000|400|100|963|1.36
Jaga wandinbouw convector|WICON|T10|1100|400|100|1059|1.36
Jaga wandinbouw convector|WICON|T10|1200|400|100|1156|1.36
Jaga wandinbouw convector|WICON|T10|1400|400|100|1348|1.36
Jaga wandinbouw convector|WICON|T10|1600|400|100|1541|1.36
Jaga wandinbouw convector|WICON|T10|1800|400|100|1733|1.36
Jaga wandinbouw convector|WICON|T10|2000|400|100|1926|1.36
Jaga wandinbouw convector|WICON|T10|2200|400|100|2119|1.36
Jaga wandinbouw convector|WICON|T10|2400|400|100|2311|1.36
Jaga wandinbouw convector|WICON|T10|2600|400|100|2504|1.36
Jaga wandinbouw convector|WICON|T10|2800|400|100|2696|1.36
Jaga wandinbouw convector|WICON|T10|3000|400|100|2889|1.36
Jaga wandinbouw convector|WICON|T10|400|500|100|430|1.36
Jaga wandinbouw convector|WICON|T10|500|500|100|538|1.36
Jaga wandinbouw convector|WICON|T10|600|500|100|646|1.36
Jaga wandinbouw convector|WICON|T10|700|500|100|753|1.36
Jaga wandinbouw convector|WICON|T10|800|500|100|861|1.36
Jaga wandinbouw convector|WICON|T10|900|500|100|968|1.36
Jaga wandinbouw convector|WICON|T10|1000|500|100|1076|1.36
Jaga wandinbouw convector|WICON|T10|1100|500|100|1184|1.36
Jaga wandinbouw convector|WICON|T10|1200|500|100|1291|1.36
Jaga wandinbouw convector|WICON|T10|1400|500|100|1506|1.36
Jaga wandinbouw convector|WICON|T10|1600|500|100|1722|1.36
Jaga wandinbouw convector|WICON|T10|1800|500|100|1937|1.36
Jaga wandinbouw convector|WICON|T10|2000|500|100|2152|1.36
Jaga wandinbouw convector|WICON|T10|2200|500|100|2367|1.36
Jaga wandinbouw convector|WICON|T10|2400|500|100|2582|1.36
Jaga wandinbouw convector|WICON|T10|2600|500|100|2798|1.36
Jaga wandinbouw convector|WICON|T10|2800|500|100|3013|1.36
Jaga wandinbouw convector|WICON|T10|3000|500|100|3228|1.36
Jaga wandinbouw convector|WICON|T10|400|600|100|468|1.36
Jaga wandinbouw convector|WICON|T10|500|600|100|585|1.36
Jaga wandinbouw convector|WICON|T10|600|600|100|702|1.36
Jaga wandinbouw convector|WICON|T10|700|600|100|819|1.36
Jaga wandinbouw convector|WICON|T10|800|600|100|936|1.36
Jaga wandinbouw convector|WICON|T10|900|600|100|1053|1.36
Jaga wandinbouw convector|WICON|T10|1000|600|100|1170|1.36
Jaga wandinbouw convector|WICON|T10|1100|600|100|1287|1.36
Jaga wandinbouw convector|WICON|T10|1200|600|100|1404|1.36
Jaga wandinbouw convector|WICON|T10|1400|600|100|1638|1.36
Jaga wandinbouw convector|WICON|T10|1600|600|100|1872|1.36
Jaga wandinbouw convector|WICON|T10|1800|600|100|2106|1.36
Jaga wandinbouw convector|WICON|T10|2000|600|100|2340|1.36
Jaga wandinbouw convector|WICON|T10|2200|600|100|2574|1.36
Jaga wandinbouw convector|WICON|T10|2400|600|100|2808|1.36
Jaga wandinbouw convector|WICON|T10|2600|600|100|3042|1.36
Jaga wandinbouw convector|WICON|T10|2800|600|100|3276|1.36
Jaga wandinbouw convector|WICON|T10|3000|600|100|3510|1.36
Jaga wandinbouw convector|WICON|T10|400|700|100|499|1.36
Jaga wandinbouw convector|WICON|T10|500|700|100|624|1.36
Jaga wandinbouw convector|WICON|T10|600|700|100|749|1.36
Jaga wandinbouw convector|WICON|T10|700|700|100|874|1.36
Jaga wandinbouw convector|WICON|T10|800|700|100|998|1.36
Jaga wandinbouw convector|WICON|T10|900|700|100|1123|1.36
Jaga wandinbouw convector|WICON|T10|1000|700|100|1248|1.36
Jaga wandinbouw convector|WICON|T10|1100|700|100|1373|1.36
Jaga wandinbouw convector|WICON|T10|1200|700|100|1498|1.36
Jaga wandinbouw convector|WICON|T10|1400|700|100|1747|1.36
Jaga wandinbouw convector|WICON|T10|1600|700|100|1997|1.36
Jaga wandinbouw convector|WICON|T10|1800|700|100|2246|1.36
Jaga wandinbouw convector|WICON|T10|2000|700|100|2496|1.36
Jaga wandinbouw convector|WICON|T10|2200|700|100|2746|1.36
Jaga wandinbouw convector|WICON|T10|2400|700|100|2995|1.36
Jaga wandinbouw convector|WICON|T10|2600|700|100|3245|1.36
Jaga wandinbouw convector|WICON|T10|2800|700|100|3494|1.36
Jaga wandinbouw convector|WICON|T10|3000|700|100|3744|1.36
Jaga wandinbouw convector|WICON|T10|400|900|100|548|1.36
Jaga wandinbouw convector|WICON|T10|500|900|100|685|1.36
Jaga wandinbouw convector|WICON|T10|600|900|100|821|1.36
Jaga wandinbouw convector|WICON|T10|700|900|100|958|1.36
Jaga wandinbouw convector|WICON|T10|800|900|100|1095|1.36
Jaga wandinbouw convector|WICON|T10|900|900|100|1232|1.36
Jaga wandinbouw convector|WICON|T10|1000|900|100|1369|1.36
Jaga wandinbouw convector|WICON|T10|1100|900|100|1506|1.36
Jaga wandinbouw convector|WICON|T10|1200|900|100|1643|1.36
Jaga wandinbouw convector|WICON|T10|1400|900|100|1917|1.36
Jaga wandinbouw convector|WICON|T10|1600|900|100|2190|1.36
Jaga wandinbouw convector|WICON|T10|1800|900|100|2464|1.36
Jaga wandinbouw convector|WICON|T10|2000|900|100|2738|1.36
Jaga wandinbouw convector|WICON|T10|2200|900|100|3012|1.36
Jaga wandinbouw convector|WICON|T10|2400|900|100|3286|1.36
Jaga wandinbouw convector|WICON|T10|2600|900|100|3559|1.36
Jaga wandinbouw convector|WICON|T10|2800|900|100|3833|1.36
Jaga wandinbouw convector|WICON|T10|3000|900|100|4107|1.36
Jaga wandinbouw convector|WICON|T11|400|300|100|448|1.36
Jaga wandinbouw convector|WICON|T11|500|300|100|561|1.36
Jaga wandinbouw convector|WICON|T11|600|300|100|673|1.36
Jaga wandinbouw convector|WICON|T11|700|300|100|785|1.36
Jaga wandinbouw convector|WICON|T11|800|300|100|897|1.36
Jaga wandinbouw convector|WICON|T11|900|300|100|1009|1.36
Jaga wandinbouw convector|WICON|T11|1000|300|100|1121|1.36
Jaga wandinbouw convector|WICON|T11|1100|300|100|1233|1.36
Jaga wandinbouw convector|WICON|T11|1200|300|100|1345|1.36
Jaga wandinbouw convector|WICON|T11|1400|300|100|1569|1.36
Jaga wandinbouw convector|WICON|T11|1600|300|100|1794|1.36
Jaga wandinbouw convector|WICON|T11|1800|300|100|2018|1.36
Jaga wandinbouw convector|WICON|T11|2000|300|100|2242|1.36
Jaga wandinbouw convector|WICON|T11|2200|300|100|2433|1.36
Jaga wandinbouw convector|WICON|T11|2400|300|100|2690|1.36
Jaga wandinbouw convector|WICON|T11|2600|300|100|2915|1.36
Jaga wandinbouw convector|WICON|T11|2800|300|100|3139|1.36
Jaga wandinbouw convector|WICON|T11|3000|300|100|3363|1.36
Jaga wandinbouw convector|WICON|T11|400|400|100|506|1.36
Jaga wandinbouw convector|WICON|T11|500|400|100|632|1.36
Jaga wandinbouw convector|WICON|T11|600|400|100|758|1.36
Jaga wandinbouw convector|WICON|T11|700|400|100|885|1.36
Jaga wandinbouw convector|WICON|T11|800|400|100|1011|1.36
Jaga wandinbouw convector|WICON|T11|900|400|100|1138|1.36
Jaga wandinbouw convector|WICON|T11|1000|400|100|1264|1.36
Jaga wandinbouw convector|WICON|T11|1100|400|100|1390|1.36
Jaga wandinbouw convector|WICON|T11|1200|400|100|1517|1.36
Jaga wandinbouw convector|WICON|T11|1400|400|100|1770|1.36
Jaga wandinbouw convector|WICON|T11|1600|400|100|2022|1.36
Jaga wandinbouw convector|WICON|T11|1800|400|100|2275|1.36
Jaga wandinbouw convector|WICON|T11|2000|400|100|2528|1.36
Jaga wandinbouw convector|WICON|T11|2200|400|100|2781|1.36
Jaga wandinbouw convector|WICON|T11|2400|400|100|3034|1.36
Jaga wandinbouw convector|WICON|T11|2600|400|100|3286|1.36
Jaga wandinbouw convector|WICON|T11|2800|400|100|3539|1.36
Jaga wandinbouw convector|WICON|T11|3000|400|100|3792|1.36
Jaga wandinbouw convector|WICON|T11|400|500|100|554|1.36
Jaga wandinbouw convector|WICON|T11|500|500|100|693|1.36
Jaga wandinbouw convector|WICON|T11|600|500|100|832|1.36
Jaga wandinbouw convector|WICON|T11|700|500|100|970|1.36
Jaga wandinbouw convector|WICON|T11|800|500|100|1109|1.36
Jaga wandinbouw convector|WICON|T11|900|500|100|1247|1.36
Jaga wandinbouw convector|WICON|T11|1000|500|100|1386|1.36
Jaga wandinbouw convector|WICON|T11|1100|500|100|1525|1.36
Jaga wandinbouw convector|WICON|T11|1200|500|100|1663|1.36
Jaga wandinbouw convector|WICON|T11|1400|500|100|1940|1.36
Jaga wandinbouw convector|WICON|T11|1600|500|100|2218|1.36
Jaga wandinbouw convector|WICON|T11|1800|500|100|2495|1.36
Jaga wandinbouw convector|WICON|T11|2000|500|100|2772|1.36
Jaga wandinbouw convector|WICON|T11|2200|500|100|3049|1.36
Jaga wandinbouw convector|WICON|T11|2400|500|100|3326|1.36
Jaga wandinbouw convector|WICON|T11|2600|500|100|3604|1.36
Jaga wandinbouw convector|WICON|T11|2800|500|100|3881|1.36
Jaga wandinbouw convector|WICON|T11|3000|500|100|4158|1.36
Jaga wandinbouw convector|WICON|T11|400|600|100|598|1.36
Jaga wandinbouw convector|WICON|T11|500|600|100|747|1.36
Jaga wandinbouw convector|WICON|T11|600|600|100|896|1.36
Jaga wandinbouw convector|WICON|T11|700|600|100|1046|1.36
Jaga wandinbouw convector|WICON|T11|800|600|100|1195|1.36
Jaga wandinbouw convector|WICON|T11|900|600|100|1345|1.36
Jaga wandinbouw convector|WICON|T11|1000|600|100|1494|1.36
Jaga wandinbouw convector|WICON|T11|1100|600|100|1643|1.36
Jaga wandinbouw convector|WICON|T11|1200|600|100|1793|1.36
Jaga wandinbouw convector|WICON|T11|1400|600|100|2092|1.36
Jaga wandinbouw convector|WICON|T11|1600|600|100|2390|1.36
Jaga wandinbouw convector|WICON|T11|1800|600|100|2689|1.36
Jaga wandinbouw convector|WICON|T11|2000|600|100|2988|1.36
Jaga wandinbouw convector|WICON|T11|2200|600|100|3287|1.36
Jaga wandinbouw convector|WICON|T11|2400|600|100|3586|1.36
Jaga wandinbouw convector|WICON|T11|2600|600|100|3884|1.36
Jaga wandinbouw convector|WICON|T11|2800|600|100|4138|1.36
Jaga wandinbouw convector|WICON|T11|3000|600|100|4482|1.36
Jaga wandinbouw convector|WICON|T11|400|700|100|636|1.36
Jaga wandinbouw convector|WICON|T11|500|700|100|795|1.36
Jaga wandinbouw convector|WICON|T11|600|700|100|954|1.36
Jaga wandinbouw convector|WICON|T11|700|700|100|1113|1.36
Jaga wandinbouw convector|WICON|T11|800|700|100|1272|1.36
Jaga wandinbouw convector|WICON|T11|900|700|100|1431|1.36
Jaga wandinbouw convector|WICON|T11|1000|700|100|1590|1.36
Jaga wandinbouw convector|WICON|T11|1100|700|100|1749|1.36
Jaga wandinbouw convector|WICON|T11|1200|700|100|1908|1.36
Jaga wandinbouw convector|WICON|T11|1400|700|100|2226|1.36
Jaga wandinbouw convector|WICON|T11|1600|700|100|2544|1.36
Jaga wandinbouw convector|WICON|T11|1800|700|100|2862|1.36
Jaga wandinbouw convector|WICON|T11|2000|700|100|3180|1.36
Jaga wandinbouw convector|WICON|T11|2200|700|100|3498|1.36
Jaga wandinbouw convector|WICON|T11|2400|700|100|3816|1.36
Jaga wandinbouw convector|WICON|T11|2600|700|100|4134|1.36
Jaga wandinbouw convector|WICON|T11|2800|700|100|4452|1.36
Jaga wandinbouw convector|WICON|T11|3000|700|100|4770|1.36
Jaga wandinbouw convector|WICON|T11|400|900|100|703|1.36
Jaga wandinbouw convector|WICON|T11|500|900|100|879|1.36
Jaga wandinbouw convector|WICON|T11|600|900|100|1055|1.36
Jaga wandinbouw convector|WICON|T11|700|900|100|1231|1.36
Jaga wandinbouw convector|WICON|T11|800|900|100|1406|1.36
Jaga wandinbouw convector|WICON|T11|900|900|100|1582|1.36
Jaga wandinbouw convector|WICON|T11|1000|900|100|1758|1.36
Jaga wandinbouw convector|WICON|T11|1100|900|100|1934|1.36
Jaga wandinbouw convector|WICON|T11|1200|900|100|2110|1.36
Jaga wandinbouw convector|WICON|T11|1400|900|100|2461|1.36
Jaga wandinbouw convector|WICON|T11|1600|900|100|2813|1.36
Jaga wandinbouw convector|WICON|T11|1800|900|100|3164|1.36
Jaga wandinbouw convector|WICON|T11|2000|900|100|3516|1.36
Jaga wandinbouw convector|WICON|T11|2200|900|100|3868|1.36
Jaga wandinbouw convector|WICON|T11|2400|900|100|4219|1.36
Jaga wandinbouw convector|WICON|T11|2600|900|100|4571|1.36
Jaga wandinbouw convector|WICON|T11|2800|900|100|4922|1.36
Jaga wandinbouw convector|WICON|T11|3000|900|100|5274|1.36
Jaga wandinbouw convector|WICON|T15|400|200|150|436|1.36
Jaga wandinbouw convector|WICON|T15|500|200|150|545|1.36
Jaga wandinbouw convector|WICON|T15|600|200|150|654|1.36
Jaga wandinbouw convector|WICON|T15|700|200|150|763|1.36
Jaga wandinbouw convector|WICON|T15|800|200|150|872|1.36
Jaga wandinbouw convector|WICON|T15|900|200|150|981|1.36
Jaga wandinbouw convector|WICON|T15|1000|200|150|1090|1.36
Jaga wandinbouw convector|WICON|T15|1100|200|150|1199|1.36
Jaga wandinbouw convector|WICON|T15|1200|200|150|1308|1.36
Jaga wandinbouw convector|WICON|T15|1400|200|150|1526|1.36
Jaga wandinbouw convector|WICON|T15|1600|200|150|1744|1.36
Jaga wandinbouw convector|WICON|T15|1800|200|150|1962|1.36
Jaga wandinbouw convector|WICON|T15|2000|200|150|2180|1.36
Jaga wandinbouw convector|WICON|T15|2200|200|150|2398|1.36
Jaga wandinbouw convector|WICON|T15|2400|200|150|2616|1.36
Jaga wandinbouw convector|WICON|T15|2600|200|150|2834|1.36
Jaga wandinbouw convector|WICON|T15|2800|200|150|3052|1.36
Jaga wandinbouw convector|WICON|T15|3000|200|150|3270|1.36
Jaga wandinbouw convector|WICON|T15|400|300|150|544|1.36
Jaga wandinbouw convector|WICON|T15|500|300|150|680|1.36
Jaga wandinbouw convector|WICON|T15|600|300|150|815|1.36
Jaga wandinbouw convector|WICON|T15|700|300|150|951|1.36
Jaga wandinbouw convector|WICON|T15|800|300|150|1087|1.36
Jaga wandinbouw convector|WICON|T15|900|300|150|1223|1.36
Jaga wandinbouw convector|WICON|T15|1000|300|150|1359|1.36
Jaga wandinbouw convector|WICON|T15|1100|300|150|1495|1.36
Jaga wandinbouw convector|WICON|T15|1200|300|150|1631|1.36
Jaga wandinbouw convector|WICON|T15|1400|300|150|1903|1.36
Jaga wandinbouw convector|WICON|T15|1600|300|150|2174|1.36
Jaga wandinbouw convector|WICON|T15|1800|300|150|2446|1.36
Jaga wandinbouw convector|WICON|T15|2000|300|150|2718|1.36
Jaga wandinbouw convector|WICON|T15|2200|300|150|2990|1.36
Jaga wandinbouw convector|WICON|T15|2400|300|150|3262|1.36
Jaga wandinbouw convector|WICON|T15|2600|300|150|3533|1.36
Jaga wandinbouw convector|WICON|T15|2800|300|150|3805|1.36
Jaga wandinbouw convector|WICON|T15|3000|300|150|4077|1.36
Jaga wandinbouw convector|WICON|T15|400|400|150|627|1.36
Jaga wandinbouw convector|WICON|T15|500|400|150|784|1.36
Jaga wandinbouw convector|WICON|T15|600|400|150|941|1.36
Jaga wandinbouw convector|WICON|T15|700|400|150|1098|1.36
Jaga wandinbouw convector|WICON|T15|800|400|150|1254|1.36
Jaga wandinbouw convector|WICON|T15|900|400|150|1411|1.36
Jaga wandinbouw convector|WICON|T15|1000|400|150|1568|1.36
Jaga wandinbouw convector|WICON|T15|1100|400|150|1725|1.36
Jaga wandinbouw convector|WICON|T15|1200|400|150|1882|1.36
Jaga wandinbouw convector|WICON|T15|1400|400|150|2195|1.36
Jaga wandinbouw convector|WICON|T15|1600|400|150|2509|1.36
Jaga wandinbouw convector|WICON|T15|1800|400|150|2822|1.36
Jaga wandinbouw convector|WICON|T15|2000|400|150|3136|1.36
Jaga wandinbouw convector|WICON|T15|2200|400|150|3450|1.36
Jaga wandinbouw convector|WICON|T15|2400|400|150|3763|1.36
Jaga wandinbouw convector|WICON|T15|2600|400|150|4077|1.36
Jaga wandinbouw convector|WICON|T15|2800|400|150|4390|1.36
Jaga wandinbouw convector|WICON|T15|3000|400|150|4704|1.36
Jaga wandinbouw convector|WICON|T15|400|500|150|694|1.36
Jaga wandinbouw convector|WICON|T15|500|500|150|867|1.36
Jaga wandinbouw convector|WICON|T15|600|500|150|1040|1.36
Jaga wandinbouw convector|WICON|T15|700|500|150|1214|1.36
Jaga wandinbouw convector|WICON|T15|800|500|150|1387|1.36
Jaga wandinbouw convector|WICON|T15|900|500|150|1561|1.36
Jaga wandinbouw convector|WICON|T15|1000|500|150|1734|1.36
Jaga wandinbouw convector|WICON|T15|1100|500|150|1907|1.36
Jaga wandinbouw convector|WICON|T15|1200|500|150|2081|1.36
Jaga wandinbouw convector|WICON|T15|1400|500|150|2428|1.36
Jaga wandinbouw convector|WICON|T15|1600|500|150|2774|1.36
Jaga wandinbouw convector|WICON|T15|1800|500|150|3121|1.36
Jaga wandinbouw convector|WICON|T15|2000|500|150|3468|1.36
Jaga wandinbouw convector|WICON|T15|2200|500|150|3815|1.36
Jaga wandinbouw convector|WICON|T15|2400|500|150|4162|1.36
Jaga wandinbouw convector|WICON|T15|2600|500|150|4508|1.36
Jaga wandinbouw convector|WICON|T15|2800|500|150|4855|1.36
Jaga wandinbouw convector|WICON|T15|3000|500|150|5202|1.36
Jaga wandinbouw convector|WICON|T15|400|600|150|746|1.36
Jaga wandinbouw convector|WICON|T15|500|600|150|933|1.36
Jaga wandinbouw convector|WICON|T15|600|600|150|1120|1.36
Jaga wandinbouw convector|WICON|T15|700|600|150|1306|1.36
Jaga wandinbouw convector|WICON|T15|800|600|150|1493|1.36
Jaga wandinbouw convector|WICON|T15|900|600|150|1679|1.36
Jaga wandinbouw convector|WICON|T15|1000|600|150|1866|1.36
Jaga wandinbouw convector|WICON|T15|1100|600|150|2053|1.36
Jaga wandinbouw convector|WICON|T15|1200|600|150|2239|1.36
Jaga wandinbouw convector|WICON|T15|1400|600|150|2612|1.36
Jaga wandinbouw convector|WICON|T15|1600|600|150|2986|1.36
Jaga wandinbouw convector|WICON|T15|1800|600|150|3359|1.36
Jaga wandinbouw convector|WICON|T15|2000|600|150|3732|1.36
Jaga wandinbouw convector|WICON|T15|2200|600|150|4105|1.36
Jaga wandinbouw convector|WICON|T15|2400|600|150|4478|1.36
Jaga wandinbouw convector|WICON|T15|2600|600|150|4852|1.36
Jaga wandinbouw convector|WICON|T15|2800|600|150|5225|1.36
Jaga wandinbouw convector|WICON|T15|3000|600|150|5598|1.36
Jaga wandinbouw convector|WICON|T15|400|700|150|789|1.36
Jaga wandinbouw convector|WICON|T15|500|700|150|986|1.36
Jaga wandinbouw convector|WICON|T15|600|700|150|1183|1.36
Jaga wandinbouw convector|WICON|T15|700|700|150|1380|1.36
Jaga wandinbouw convector|WICON|T15|800|700|150|1578|1.36
Jaga wandinbouw convector|WICON|T15|900|700|150|1775|1.36
Jaga wandinbouw convector|WICON|T15|1000|700|150|1972|1.36
Jaga wandinbouw convector|WICON|T15|1100|700|150|2169|1.36
Jaga wandinbouw convector|WICON|T15|1200|700|150|2366|1.36
Jaga wandinbouw convector|WICON|T15|1400|700|150|2761|1.36
Jaga wandinbouw convector|WICON|T15|1600|700|150|3155|1.36
Jaga wandinbouw convector|WICON|T15|1800|700|150|3550|1.36
Jaga wandinbouw convector|WICON|T15|2000|700|150|3944|1.36
Jaga wandinbouw convector|WICON|T15|2200|700|150|4338|1.36
Jaga wandinbouw convector|WICON|T15|2400|700|150|4733|1.36
Jaga wandinbouw convector|WICON|T15|2600|700|150|5127|1.36
Jaga wandinbouw convector|WICON|T15|2800|700|150|5522|1.36
Jaga wandinbouw convector|WICON|T15|3000|700|150|5916|1.36
Jaga wandinbouw convector|WICON|T15|400|900|150|848|1.36
Jaga wandinbouw convector|WICON|T15|500|900|150|1060|1.36
Jaga wandinbouw convector|WICON|T15|600|900|150|1272|1.36
Jaga wandinbouw convector|WICON|T15|700|900|150|1484|1.36
Jaga wandinbouw convector|WICON|T15|800|900|150|1696|1.36
Jaga wandinbouw convector|WICON|T15|900|900|150|1908|1.36
Jaga wandinbouw convector|WICON|T15|1000|900|150|2120|1.36
Jaga wandinbouw convector|WICON|T15|1100|900|150|2332|1.36
Jaga wandinbouw convector|WICON|T15|1200|900|150|2544|1.36
Jaga wandinbouw convector|WICON|T15|1400|900|150|2968|1.36
Jaga wandinbouw convector|WICON|T15|1600|900|150|3392|1.36
Jaga wandinbouw convector|WICON|T15|1800|900|150|3816|1.36
Jaga wandinbouw convector|WICON|T15|2000|900|150|4240|1.36
Jaga wandinbouw convector|WICON|T15|2200|900|150|4664|1.36
Jaga wandinbouw convector|WICON|T15|2400|900|150|5088|1.36
Jaga wandinbouw convector|WICON|T15|2600|900|150|5512|1.36
Jaga wandinbouw convector|WICON|T15|2800|900|150|5936|1.36
Jaga wandinbouw convector|WICON|T15|3000|900|150|6360|1.36
Jaga wandinbouw convector|WICON|T16|400|300|150|592|1.36
Jaga wandinbouw convector|WICON|T16|500|300|150|740|1.36
Jaga wandinbouw convector|WICON|T16|600|300|150|888|1.36
Jaga wandinbouw convector|WICON|T16|700|300|150|1036|1.36
Jaga wandinbouw convector|WICON|T16|800|300|150|1184|1.36
Jaga wandinbouw convector|WICON|T16|900|300|150|1332|1.36
Jaga wandinbouw convector|WICON|T16|1000|300|150|1480|1.36
Jaga wandinbouw convector|WICON|T16|1100|300|150|1628|1.36
Jaga wandinbouw convector|WICON|T16|1200|300|150|1776|1.36
Jaga wandinbouw convector|WICON|T16|1400|300|150|2072|1.36
Jaga wandinbouw convector|WICON|T16|1600|300|150|2368|1.36
Jaga wandinbouw convector|WICON|T16|1800|300|150|2664|1.36
Jaga wandinbouw convector|WICON|T16|2000|300|150|2960|1.36
Jaga wandinbouw convector|WICON|T16|2200|300|150|3256|1.36
Jaga wandinbouw convector|WICON|T16|2400|300|150|3552|1.36
Jaga wandinbouw convector|WICON|T16|2600|300|150|3848|1.36
Jaga wandinbouw convector|WICON|T16|2800|300|150|4144|1.36
Jaga wandinbouw convector|WICON|T16|3000|300|150|4440|1.36
Jaga wandinbouw convector|WICON|T16|400|400|150|680|1.36
Jaga wandinbouw convector|WICON|T16|500|400|150|520|1.36
Jaga wandinbouw convector|WICON|T16|600|400|150|1020|1.36
Jaga wandinbouw convector|WICON|T16|700|400|150|1190|1.36
Jaga wandinbouw convector|WICON|T16|800|400|150|1360|1.36
Jaga wandinbouw convector|WICON|T16|900|400|150|1530|1.36
Jaga wandinbouw convector|WICON|T16|1000|400|150|1700|1.36
Jaga wandinbouw convector|WICON|T16|1100|400|150|1870|1.36
Jaga wandinbouw convector|WICON|T16|1200|400|150|2040|1.36
Jaga wandinbouw convector|WICON|T16|1400|400|150|2380|1.36
Jaga wandinbouw convector|WICON|T16|1600|400|150|2720|1.36
Jaga wandinbouw convector|WICON|T16|1800|400|150|3060|1.36
Jaga wandinbouw convector|WICON|T16|2000|400|150|3400|1.36
Jaga wandinbouw convector|WICON|T16|2200|400|150|3740|1.36
Jaga wandinbouw convector|WICON|T16|2400|400|150|4080|1.36
Jaga wandinbouw convector|WICON|T16|2600|400|150|4420|1.36
Jaga wandinbouw convector|WICON|T16|2800|400|150|4760|1.36
Jaga wandinbouw convector|WICON|T16|3000|400|150|5100|1.36
Jaga wandinbouw convector|WICON|T16|400|500|150|759|1.36
Jaga wandinbouw convector|WICON|T16|500|500|150|949|1.36
Jaga wandinbouw convector|WICON|T16|600|500|150|1139|1.36
Jaga wandinbouw convector|WICON|T16|700|500|150|1329|1.36
Jaga wandinbouw convector|WICON|T16|800|500|150|1518|1.36
Jaga wandinbouw convector|WICON|T16|900|500|150|1708|1.36
Jaga wandinbouw convector|WICON|T16|1000|500|150|1898|1.36
Jaga wandinbouw convector|WICON|T16|1100|500|150|2088|1.36
Jaga wandinbouw convector|WICON|T16|1200|500|150|2278|1.36
Jaga wandinbouw convector|WICON|T16|1400|500|150|2657|1.36
Jaga wandinbouw convector|WICON|T16|1600|500|150|3037|1.36
Jaga wandinbouw convector|WICON|T16|1800|500|150|3416|1.36
Jaga wandinbouw convector|WICON|T16|2000|500|150|3796|1.36
Jaga wandinbouw convector|WICON|T16|2200|500|150|4176|1.36
Jaga wandinbouw convector|WICON|T16|2400|500|150|4555|1.36
Jaga wandinbouw convector|WICON|T16|2600|500|150|4935|1.36
Jaga wandinbouw convector|WICON|T16|2800|500|150|5314|1.36
Jaga wandinbouw convector|WICON|T16|3000|500|150|5694|1.36
Jaga wandinbouw convector|WICON|T16|400|600|150|834|1.36
Jaga wandinbouw convector|WICON|T16|500|600|150|1042|1.36
Jaga wandinbouw convector|WICON|T16|600|600|150|1250|1.36
Jaga wandinbouw convector|WICON|T16|700|600|150|1459|1.36
Jaga wandinbouw convector|WICON|T16|800|600|150|1667|1.36
Jaga wandinbouw convector|WICON|T16|900|600|150|1876|1.36
Jaga wandinbouw convector|WICON|T16|1000|600|150|2084|1.36
Jaga wandinbouw convector|WICON|T16|1100|600|150|2292|1.36
Jaga wandinbouw convector|WICON|T16|1200|600|150|2501|1.36
Jaga wandinbouw convector|WICON|T16|1400|600|150|2918|1.36
Jaga wandinbouw convector|WICON|T16|1600|600|150|3334|1.36
Jaga wandinbouw convector|WICON|T16|1800|600|150|3751|1.36
Jaga wandinbouw convector|WICON|T16|2000|600|150|4168|1.36
Jaga wandinbouw convector|WICON|T16|2200|600|150|4585|1.36
Jaga wandinbouw convector|WICON|T16|2400|600|150|5002|1.36
Jaga wandinbouw convector|WICON|T16|2600|600|150|5418|1.36
Jaga wandinbouw convector|WICON|T16|2800|600|150|5835|1.36
Jaga wandinbouw convector|WICON|T16|3000|600|150|6252|1.36
Jaga wandinbouw convector|WICON|T16|400|700|150|904|1.36
Jaga wandinbouw convector|WICON|T16|500|700|150|1130|1.36
Jaga wandinbouw convector|WICON|T16|600|700|150|1356|1.36
Jaga wandinbouw convector|WICON|T16|700|700|150|1582|1.36
Jaga wandinbouw convector|WICON|T16|800|700|150|1808|1.36
Jaga wandinbouw convector|WICON|T16|900|700|150|2034|1.36
Jaga wandinbouw convector|WICON|T16|1000|700|150|2260|1.36
Jaga wandinbouw convector|WICON|T16|1100|700|150|2486|1.36
Jaga wandinbouw convector|WICON|T16|1200|700|150|2712|1.36
Jaga wandinbouw convector|WICON|T16|1400|700|150|3164|1.36
Jaga wandinbouw convector|WICON|T16|1600|700|150|3616|1.36
Jaga wandinbouw convector|WICON|T16|1800|700|150|4068|1.36
Jaga wandinbouw convector|WICON|T16|2000|700|150|4520|1.36
Jaga wandinbouw convector|WICON|T16|2200|700|150|4972|1.36
Jaga wandinbouw convector|WICON|T16|2400|700|150|5424|1.36
Jaga wandinbouw convector|WICON|T16|2600|700|150|5876|1.36
Jaga wandinbouw convector|WICON|T16|2800|700|150|6328|1.36
Jaga wandinbouw convector|WICON|T16|3000|700|150|6780|1.36
Jaga wandinbouw convector|WICON|T16|400|900|150|1038|1.36
Jaga wandinbouw convector|WICON|T16|500|900|150|1298|1.36
Jaga wandinbouw convector|WICON|T16|600|900|150|1558|1.36
Jaga wandinbouw convector|WICON|T16|700|900|150|1817|1.36
Jaga wandinbouw convector|WICON|T16|800|900|150|2077|1.36
Jaga wandinbouw convector|WICON|T16|900|900|150|2336|1.36
Jaga wandinbouw convector|WICON|T16|1000|900|150|2596|1.36
Jaga wandinbouw convector|WICON|T16|1100|900|150|2856|1.36
Jaga wandinbouw convector|WICON|T16|1200|900|150|3115|1.36
Jaga wandinbouw convector|WICON|T16|1400|900|150|3634|1.36
Jaga wandinbouw convector|WICON|T16|1600|900|150|4154|1.36
Jaga wandinbouw convector|WICON|T16|1800|900|150|4673|1.36
Jaga wandinbouw convector|WICON|T16|2000|900|150|5192|1.36
Jaga wandinbouw convector|WICON|T16|2200|900|150|5711|1.36
Jaga wandinbouw convector|WICON|T16|2400|900|150|6230|1.36
Jaga wandinbouw convector|WICON|T16|2600|900|150|6750|1.36
Jaga wandinbouw convector|WICON|T16|2800|900|150|7269|1.36
Jaga wandinbouw convector|WICON|T16|3000|900|150|7788|1.36
Jaga wandinbouw convector|WICON|T20|400|200|200|262|1.36
Jaga wandinbouw convector|WICON|T20|500|200|200|328|1.36
Jaga wandinbouw convector|WICON|T20|600|200|200|393|1.36
Jaga wandinbouw convector|WICON|T20|700|200|200|459|1.36
Jaga wandinbouw convector|WICON|T20|800|200|200|1226|1.36
Jaga wandinbouw convector|WICON|T20|900|200|200|1379|1.36
Jaga wandinbouw convector|WICON|T20|1000|200|200|1532|1.36
Jaga wandinbouw convector|WICON|T20|1100|200|200|1685|1.36
Jaga wandinbouw convector|WICON|T20|1200|200|200|1838|1.36
Jaga wandinbouw convector|WICON|T20|1400|200|200|2145|1.36
Jaga wandinbouw convector|WICON|T20|1600|200|200|2451|1.36
Jaga wandinbouw convector|WICON|T20|1800|200|200|2758|1.36
Jaga wandinbouw convector|WICON|T20|2000|200|200|3064|1.36
Jaga wandinbouw convector|WICON|T20|2200|200|200|3370|1.36
Jaga wandinbouw convector|WICON|T20|2400|200|200|3677|1.36
Jaga wandinbouw convector|WICON|T20|2600|200|200|3983|1.36
Jaga wandinbouw convector|WICON|T20|2800|200|200|4290|1.36
Jaga wandinbouw convector|WICON|T20|3000|200|200|4596|1.36
Jaga wandinbouw convector|WICON|T20|400|300|200|330|1.36
Jaga wandinbouw convector|WICON|T20|500|300|200|413|1.36
Jaga wandinbouw convector|WICON|T20|600|300|200|496|1.36
Jaga wandinbouw convector|WICON|T20|700|300|200|578|1.36
Jaga wandinbouw convector|WICON|T20|800|300|200|1525|1.36
Jaga wandinbouw convector|WICON|T20|900|300|200|1715|1.36
Jaga wandinbouw convector|WICON|T20|1000|300|200|1906|1.36
Jaga wandinbouw convector|WICON|T20|1100|300|200|2097|1.36
Jaga wandinbouw convector|WICON|T20|1200|300|200|2287|1.36
Jaga wandinbouw convector|WICON|T20|1400|300|200|2668|1.36
Jaga wandinbouw convector|WICON|T20|1600|300|200|3050|1.36
Jaga wandinbouw convector|WICON|T20|1800|300|200|3431|1.36
Jaga wandinbouw convector|WICON|T20|2000|300|200|3812|1.36
Jaga wandinbouw convector|WICON|T20|2200|300|200|4193|1.36
Jaga wandinbouw convector|WICON|T20|2400|300|200|4514|1.36
Jaga wandinbouw convector|WICON|T20|2600|300|200|4956|1.36
Jaga wandinbouw convector|WICON|T20|2800|300|200|5337|1.36
Jaga wandinbouw convector|WICON|T20|3000|300|200|5718|1.36
Jaga wandinbouw convector|WICON|T20|400|400|200|385|1.36
Jaga wandinbouw convector|WICON|T20|500|400|200|482|1.36
Jaga wandinbouw convector|WICON|T20|600|400|200|578|1.36
Jaga wandinbouw convector|WICON|T20|700|400|200|674|1.36
Jaga wandinbouw convector|WICON|T20|800|400|200|1757|1.36
Jaga wandinbouw convector|WICON|T20|900|400|200|1976|1.36
Jaga wandinbouw convector|WICON|T20|1000|400|200|2196|1.36
Jaga wandinbouw convector|WICON|T20|1100|400|200|2416|1.36
Jaga wandinbouw convector|WICON|T20|1200|400|200|2635|1.36
Jaga wandinbouw convector|WICON|T20|1400|400|200|3074|1.36
Jaga wandinbouw convector|WICON|T20|1600|400|200|3514|1.36
Jaga wandinbouw convector|WICON|T20|1800|400|200|3953|1.36
Jaga wandinbouw convector|WICON|T20|2000|400|200|4392|1.36
Jaga wandinbouw convector|WICON|T20|2200|400|200|4831|1.36
Jaga wandinbouw convector|WICON|T20|2400|400|200|5270|1.36
Jaga wandinbouw convector|WICON|T20|2600|400|200|5710|1.36
Jaga wandinbouw convector|WICON|T20|2800|400|200|6149|1.36
Jaga wandinbouw convector|WICON|T20|3000|400|200|6588|1.36
Jaga wandinbouw convector|WICON|T20|400|500|200|430|1.36
Jaga wandinbouw convector|WICON|T20|500|500|200|538|1.36
Jaga wandinbouw convector|WICON|T20|600|500|200|646|1.36
Jaga wandinbouw convector|WICON|T20|700|500|200|753|1.36
Jaga wandinbouw convector|WICON|T20|800|500|200|1940|1.36
Jaga wandinbouw convector|WICON|T20|900|500|200|2183|1.36
Jaga wandinbouw convector|WICON|T20|1000|500|200|2425|1.36
Jaga wandinbouw convector|WICON|T20|1100|500|200|2668|1.36
Jaga wandinbouw convector|WICON|T20|1200|500|200|2910|1.36
Jaga wandinbouw convector|WICON|T20|1400|500|200|3395|1.36
Jaga wandinbouw convector|WICON|T20|1600|500|200|3880|1.36
Jaga wandinbouw convector|WICON|T20|1800|500|200|4365|1.36
Jaga wandinbouw convector|WICON|T20|2000|500|200|4850|1.36
Jaga wandinbouw convector|WICON|T20|2200|500|200|5335|1.36
Jaga wandinbouw convector|WICON|T20|2400|500|200|5820|1.36
Jaga wandinbouw convector|WICON|T20|2600|500|200|6305|1.36
Jaga wandinbouw convector|WICON|T20|2800|500|200|6790|1.36
Jaga wandinbouw convector|WICON|T20|3000|500|200|7275|1.36
Jaga wandinbouw convector|WICON|T20|400|600|200|468|1.36
Jaga wandinbouw convector|WICON|T20|500|600|200|585|1.36
Jaga wandinbouw convector|WICON|T20|600|600|200|702|1.36
Jaga wandinbouw convector|WICON|T20|700|600|200|819|1.36
Jaga wandinbouw convector|WICON|T20|800|600|200|2086|1.36
Jaga wandinbouw convector|WICON|T20|900|600|200|2347|1.36
Jaga wandinbouw convector|WICON|T20|1000|600|200|2608|1.36
Jaga wandinbouw convector|WICON|T20|1100|600|200|2869|1.36
Jaga wandinbouw convector|WICON|T20|1200|600|200|3130|1.36
Jaga wandinbouw convector|WICON|T20|1400|600|200|3651|1.36
Jaga wandinbouw convector|WICON|T20|1600|600|200|4173|1.36
Jaga wandinbouw convector|WICON|T20|1800|600|200|4694|1.36
Jaga wandinbouw convector|WICON|T20|2000|600|200|5216|1.36
Jaga wandinbouw convector|WICON|T20|2200|600|200|5738|1.36
Jaga wandinbouw convector|WICON|T20|2400|600|200|6259|1.36
Jaga wandinbouw convector|WICON|T20|2600|600|200|6781|1.36
Jaga wandinbouw convector|WICON|T20|2800|600|200|7302|1.36
Jaga wandinbouw convector|WICON|T20|3000|600|200|7824|1.36
Jaga wandinbouw convector|WICON|T20|400|700|200|499|1.36
Jaga wandinbouw convector|WICON|T20|500|700|200|624|1.36
Jaga wandinbouw convector|WICON|T20|600|700|200|749|1.36
Jaga wandinbouw convector|WICON|T20|700|700|200|874|1.36
Jaga wandinbouw convector|WICON|T20|800|700|200|2202|1.36
Jaga wandinbouw convector|WICON|T20|900|700|200|2478|1.36
Jaga wandinbouw convector|WICON|T20|1000|700|200|2753|1.36
Jaga wandinbouw convector|WICON|T20|1100|700|200|3028|1.36
Jaga wandinbouw convector|WICON|T20|1200|700|200|3304|1.36
Jaga wandinbouw convector|WICON|T20|1400|700|200|3854|1.36
Jaga wandinbouw convector|WICON|T20|1600|700|200|4405|1.36
Jaga wandinbouw convector|WICON|T20|1800|700|200|4955|1.36
Jaga wandinbouw convector|WICON|T20|2000|700|200|5506|1.36
Jaga wandinbouw convector|WICON|T20|2200|700|200|6057|1.36
Jaga wandinbouw convector|WICON|T20|2400|700|200|6607|1.36
Jaga wandinbouw convector|WICON|T20|2600|700|200|7158|1.36
Jaga wandinbouw convector|WICON|T20|2800|700|200|7708|1.36
Jaga wandinbouw convector|WICON|T20|3000|700|200|8259|1.36
Jaga wandinbouw convector|WICON|T20|400|900|200|548|1.36
Jaga wandinbouw convector|WICON|T20|500|900|200|685|1.36
Jaga wandinbouw convector|WICON|T20|600|900|200|821|1.36
Jaga wandinbouw convector|WICON|T20|700|900|200|958|1.36
Jaga wandinbouw convector|WICON|T20|800|900|200|2366|1.36
Jaga wandinbouw convector|WICON|T20|900|900|200|2661|1.36
Jaga wandinbouw convector|WICON|T20|1000|900|200|2957|1.36
Jaga wandinbouw convector|WICON|T20|1100|900|200|3253|1.36
Jaga wandinbouw convector|WICON|T20|1200|900|200|3548|1.36
Jaga wandinbouw convector|WICON|T20|1400|900|200|4140|1.36
Jaga wandinbouw convector|WICON|T20|1600|900|200|4731|1.36
Jaga wandinbouw convector|WICON|T20|1800|900|200|5323|1.36
Jaga wandinbouw convector|WICON|T20|2000|900|200|5914|1.36
Jaga wandinbouw convector|WICON|T20|2200|900|200|6505|1.36
Jaga wandinbouw convector|WICON|T20|2400|900|200|7097|1.36
Jaga wandinbouw convector|WICON|T20|2600|900|200|7688|1.36
Jaga wandinbouw convector|WICON|T20|2800|900|200|8280|1.36
Jaga wandinbouw convector|WICON|T20|3000|900|200|8871|1.36
Jaga wandinbouw convector|WICON|T21|400|300|200|779|1.36
Jaga wandinbouw convector|WICON|T21|500|300|200|974|1.36
Jaga wandinbouw convector|WICON|T21|600|300|200|1169|1.36
Jaga wandinbouw convector|WICON|T21|700|300|200|1364|1.36
Jaga wandinbouw convector|WICON|T21|800|300|200|1558|1.36
Jaga wandinbouw convector|WICON|T21|900|300|200|1753|1.36
Jaga wandinbouw convector|WICON|T21|1000|300|200|1948|1.36
Jaga wandinbouw convector|WICON|T21|1100|300|200|2143|1.36
Jaga wandinbouw convector|WICON|T21|1200|300|200|2338|1.36
Jaga wandinbouw convector|WICON|T21|1400|300|200|2727|1.36
Jaga wandinbouw convector|WICON|T21|1600|300|200|3117|1.36
Jaga wandinbouw convector|WICON|T21|1800|300|200|3506|1.36
Jaga wandinbouw convector|WICON|T21|2000|300|200|3896|1.36
Jaga wandinbouw convector|WICON|T21|2200|300|200|4286|1.36
Jaga wandinbouw convector|WICON|T21|2400|300|200|4675|1.36
Jaga wandinbouw convector|WICON|T21|2600|300|200|5065|1.36
Jaga wandinbouw convector|WICON|T21|2800|300|200|5454|1.36
Jaga wandinbouw convector|WICON|T21|3000|300|200|5844|1.36
Jaga wandinbouw convector|WICON|T21|400|400|200|910|1.36
Jaga wandinbouw convector|WICON|T21|500|400|200|1137|1.36
Jaga wandinbouw convector|WICON|T21|600|400|200|1364|1.36
Jaga wandinbouw convector|WICON|T21|700|400|200|1592|1.36
Jaga wandinbouw convector|WICON|T21|800|400|200|1819|1.36
Jaga wandinbouw convector|WICON|T21|900|400|200|2047|1.36
Jaga wandinbouw convector|WICON|T21|1000|400|200|2274|1.36
Jaga wandinbouw convector|WICON|T21|1100|400|200|2501|1.36
Jaga wandinbouw convector|WICON|T21|1200|400|200|2729|1.36
Jaga wandinbouw convector|WICON|T21|1400|400|200|3184|1.36
Jaga wandinbouw convector|WICON|T21|1600|400|200|3638|1.36
Jaga wandinbouw convector|WICON|T21|1800|400|200|4093|1.36
Jaga wandinbouw convector|WICON|T21|2000|400|200|4548|1.36
Jaga wandinbouw convector|WICON|T21|2200|400|200|5003|1.36
Jaga wandinbouw convector|WICON|T21|2400|400|200|5458|1.36
Jaga wandinbouw convector|WICON|T21|2600|400|200|5912|1.36
Jaga wandinbouw convector|WICON|T21|2800|400|200|6367|1.36
Jaga wandinbouw convector|WICON|T21|3000|400|200|6822|1.36
Jaga wandinbouw convector|WICON|T21|400|500|200|1033|1.36
Jaga wandinbouw convector|WICON|T21|500|500|200|1291|1.36
Jaga wandinbouw convector|WICON|T21|600|500|200|1549|1.36
Jaga wandinbouw convector|WICON|T21|700|500|200|1807|1.36
Jaga wandinbouw convector|WICON|T21|800|500|200|2066|1.36
Jaga wandinbouw convector|WICON|T21|900|500|200|2324|1.36
Jaga wandinbouw convector|WICON|T21|1000|500|200|2582|1.36
Jaga wandinbouw convector|WICON|T21|1100|500|200|2840|1.36
Jaga wandinbouw convector|WICON|T21|1200|500|200|3098|1.36
Jaga wandinbouw convector|WICON|T21|1400|500|200|3615|1.36
Jaga wandinbouw convector|WICON|T21|1600|500|200|4131|1.36
Jaga wandinbouw convector|WICON|T21|1800|500|200|4648|1.36
Jaga wandinbouw convector|WICON|T21|2000|500|200|5164|1.36
Jaga wandinbouw convector|WICON|T21|2200|500|200|5680|1.36
Jaga wandinbouw convector|WICON|T21|2400|500|200|6197|1.36
Jaga wandinbouw convector|WICON|T21|2600|500|200|6713|1.36
Jaga wandinbouw convector|WICON|T21|2800|500|200|7230|1.36
Jaga wandinbouw convector|WICON|T21|3000|500|200|7746|1.36
Jaga wandinbouw convector|WICON|T21|400|600|200|1153|1.36
Jaga wandinbouw convector|WICON|T21|500|600|200|1441|1.36
Jaga wandinbouw convector|WICON|T21|600|600|200|1729|1.36
Jaga wandinbouw convector|WICON|T21|700|600|200|2017|1.36
Jaga wandinbouw convector|WICON|T21|800|600|200|2306|1.36
Jaga wandinbouw convector|WICON|T21|900|600|200|2594|1.36
Jaga wandinbouw convector|WICON|T21|1000|600|200|2882|1.36
Jaga wandinbouw convector|WICON|T21|1100|600|200|3170|1.36
Jaga wandinbouw convector|WICON|T21|1200|600|200|3458|1.36
Jaga wandinbouw convector|WICON|T21|1400|600|200|4035|1.36
Jaga wandinbouw convector|WICON|T21|1600|600|200|4611|1.36
Jaga wandinbouw convector|WICON|T21|1800|600|200|5188|1.36
Jaga wandinbouw convector|WICON|T21|2000|600|200|5764|1.36
Jaga wandinbouw convector|WICON|T21|2200|600|200|6340|1.36
Jaga wandinbouw convector|WICON|T21|2400|600|200|6917|1.36
Jaga wandinbouw convector|WICON|T21|2600|600|200|7493|1.36
Jaga wandinbouw convector|WICON|T21|2800|600|200|8070|1.36
Jaga wandinbouw convector|WICON|T21|3000|600|200|8646|1.36
Jaga wandinbouw convector|WICON|T21|400|700|200|1271|1.36
Jaga wandinbouw convector|WICON|T21|500|700|200|1589|1.36
Jaga wandinbouw convector|WICON|T21|600|700|200|1906|1.36
Jaga wandinbouw convector|WICON|T21|700|700|200|2224|1.36
Jaga wandinbouw convector|WICON|T21|800|700|200|2542|1.36
Jaga wandinbouw convector|WICON|T21|900|700|200|2859|1.36
Jaga wandinbouw convector|WICON|T21|1000|700|200|3177|1.36
Jaga wandinbouw convector|WICON|T21|1100|700|200|3495|1.36
Jaga wandinbouw convector|WICON|T21|1200|700|200|3812|1.36
Jaga wandinbouw convector|WICON|T21|1400|700|200|4448|1.36
Jaga wandinbouw convector|WICON|T21|1600|700|200|5083|1.36
Jaga wandinbouw convector|WICON|T21|1800|700|200|5719|1.36
Jaga wandinbouw convector|WICON|T21|2000|700|200|6354|1.36
Jaga wandinbouw convector|WICON|T21|2200|700|200|6989|1.36
Jaga wandinbouw convector|WICON|T21|2400|700|200|7625|1.36
Jaga wandinbouw convector|WICON|T21|2600|700|200|8260|1.36
Jaga wandinbouw convector|WICON|T21|2800|700|200|8896|1.36
Jaga wandinbouw convector|WICON|T21|3000|700|200|9531|1.36
Jaga wandinbouw convector|WICON|T21|400|900|200|1508|1.36
Jaga wandinbouw convector|WICON|T21|500|900|200|1885|1.36
Jaga wandinbouw convector|WICON|T21|600|900|200|2262|1.36
Jaga wandinbouw convector|WICON|T21|700|900|200|2639|1.36
Jaga wandinbouw convector|WICON|T21|800|900|200|3016|1.36
Jaga wandinbouw convector|WICON|T21|900|900|200|3393|1.36
Jaga wandinbouw convector|WICON|T21|1000|900|200|3770|1.36
Jaga wandinbouw convector|WICON|T21|1100|900|200|4147|1.36
Jaga wandinbouw convector|WICON|T21|1200|900|200|4524|1.36
Jaga wandinbouw convector|WICON|T21|1400|900|200|5278|1.36
Jaga wandinbouw convector|WICON|T21|1600|900|200|6032|1.36
Jaga wandinbouw convector|WICON|T21|1800|900|200|6786|1.36
Jaga wandinbouw convector|WICON|T21|2000|900|200|7540|1.36
Jaga wandinbouw convector|WICON|T21|2200|900|200|8294|1.36
Jaga wandinbouw convector|WICON|T21|2400|900|200|9048|1.36
Jaga wandinbouw convector|WICON|T21|2600|900|200|9802|1.36
Jaga wandinbouw convector|WICON|T21|2800|900|200|10556|1.36
Jaga wandinbouw convector|WICON|T21|3000|900|200|11310|1.36
