﻿{
  "ParameterRequirements": [
    {
      "name": [
        "ERGO",
        "BOY_SubCode",
        "LegendNL",
        "LegendFR"
      ],
      "sharedparameter": true,
      "isinstance": false,
      "parametertype": "Text",
      "categories": [
        "Air Terminals",
        "Cable Tray Fittings",
        "Sprinklers",
        "Security Devices",
        "Plumbing Fixtures",
        "Pipe Fittings",
        "Pipe Accessories",
        "Nurse Call Devices",
        "Mechanical Equipment",
        "Lighting Fixtures",
        "Lighting Devices",
        "Generic Models",
        "Furniture Systems",
        "Fire Alarm Devices",
        "Electrical Fixtures",
        "Electrical Equipment",
        "Duct Fittings",
        "Duct Accessories",
        "Data Devices",
        "Conduit Fittings",
        "Communication Devices"
      ]
    }
  ]
}
