﻿{
  "ParameterRequirements": [
    {
      "name": [
        "sign_RequirementParameter_by",
        "sign_GoodBARCLinked_by",
        "sign_HeatingTableAvaiable_by",
        "sign_HeatingTableUpdated_by",
        "sign_RadiatorTableAvaiable_by",
        "sign_RadiatorTableUpdated_by",
        "sign_PurgeAllUnuse_by",
        "sign_PurgeCADLinePattern_by"
      ],
      "sharedparameter": true,
      "isinstance": true,
      "parametertype": "Text",
      "categories": [
        "Project Information"
      ]
    },
    {
      "name": [
        "sign_RequirementParameter",
        "sign_GoodBARCLinked",
        "sign_HeatingTableAvaiable",
        "sign_HeatingTableUpdated",
        "sign_RadiatorTableAvaiable",
        "sign_RadiatorTableUpdated",
        "sign_PurgeAllUnuse",
        "sign_PurgeCADLinePattern"
      ],
      "sharedparameter": true,
      "isinstance": true,
      "parametertype": "YesNo",
      "categories": [
        "Project Information"
      ]
    }

  ],
  "SomeFutureConfigurationSetHere": "future configuration settings"
}
