﻿{
  "ParameterRequirements": [
    {
      "name": "Device Type",
      "sharedparameter": true,
      "isinstance": false,
      "parametertype": "Integer",
      "categories": [
        "Data Devices"
      ]
    },
    {
      "name": "MEP_SENSOR_LINKED_1",
      "sharedparameter": true,
      "isinstance": true,
      "parametertype": "Integer",
      "categories": [
        "Data Devices",
        "Fire Alarm Devices",
        "Lighting Devices"
      ]
    },
    {
      "name": "MEP_SENSOR_RADIUS_1",
      "sharedparameter": true,
      "isinstance": false,
      "parametertype": "Length",
      "categories": [
        "Data Devices",
        "Fire Alarm Devices",
        "Lighting Devices"
      ]
    },
    {
      "name": "MEP_SENSOR_LINKED_2",
      "sharedparameter": true,
      "isinstance": true,
      "parametertype": "Integer",
      "categories": [
        "Data Devices",
        "Fire Alarm Devices",
        "Lighting Devices"
      ]
    },
    {
      "name": "MEP_SENSOR_RADIUS_2",
      "sharedparameter": true,
      "isinstance": false,
      "parametertype": "Length",
      "categories": [
        "Data Devices",
        "Fire Alarm Devices",
        "Lighting Devices"
      ]
    },
    {
      "name": "MEP_SENSOR_LINKED_3",
      "sharedparameter": true,
      "isinstance": true,
      "parametertype": "Integer",
      "categories": [
        "Data Devices",
        "Fire Alarm Devices",
        "Lighting Devices"
      ]
    },
    {
      "name": "MEP_SENSOR_RADIUS_3",
      "sharedparameter": true,
      "isinstance": false,
      "parametertype": "Length",
      "categories": [
        "Data Devices",
        "Fire Alarm Devices",
        "Lighting Devices"
      ]
    }
  ],
  "LineStyleRequirements": [
    {
      "name": "BOY_Frontal Zone_Motion Detector",
      "color": "255, 0, 255",
      "pattern": "Dash"
    },
    {
      "name": "BOY_Diagonally Zone_ Motion Detector",
      "color": "0, 255, 0",
      "pattern": "Dash"
    },
    {
      "name": "BOY_Presence Area_Presence Detector",
      "color": "255, 0, 0",
      "pattern": "Dash"
    },
    {
      "name": "BOY_Wifi Cover Range",
      "color": "255, 127, 0",
      "pattern": "Dash dot"
    },
    {
      "name": "BOY_Fire Alarm Protection Range",
      "color": "0, 0, 255",
      "pattern": "Dash"
    }
  ]
}


//{
//  "name": "Is Motion Sensor",
//  "sharedparameter": true,
//  "isinstance": false,
//  "parametertype": "YesNo",
//  "categories": [
//    "Lighting Devices"
//  ]
//},
//{
//  "name": "Is Presence Sensor",
//  "sharedparameter": true,
//  "isinstance": false,
//  "parametertype": "YesNo",
//  "categories": [
//    "Lighting Devices"
//  ]
//},
//{
//  "name": "Is Optical Sensor",
//  "sharedparameter": true,
//  "isinstance": false,
//  "parametertype": "YesNo",
//  "categories": [
//    "Fire Alarm Devices"
//  ]
//},
//{
//  "name": "Is Heat Sensor",
//  "sharedparameter": true,
//  "isinstance": false,
//  "parametertype": "YesNo",
//  "categories": [
//    "Fire Alarm Devices"
//  ]
//},
//{
//  "name": "Is Fire Sensor",
//  "sharedparameter": true,
//  "isinstance": false,
//  "parametertype": "YesNo",
//  "categories": [
//    "Fire Alarm Devices"
//  ]
//},
//{
//  "name": "Is Ionic Sensor",
//  "sharedparameter": true,
//  "isinstance": false,
//  "parametertype": "YesNo",
//  "categories": [
//    "Fire Alarm Devices"
//  ]
//},
//{
//  "name": "Is Multi-Critical Sensor",
//  "sharedparameter": true,
//  "isinstance": false,
//  "parametertype": "YesNo",
//  "categories": [
//    "Fire Alarm Devices"
//  ]
//},
