﻿{
  "ParameterRequirements": [
    {
      "name": "BARC_WALL_ROOMBOUNDING_TOGGLE",
      "sharedparameter": true,
      "isinstance": true,
      "parametertype": "Text",
      "categories": [
        "Walls",
        "<Space Separation>"
      ]
    },
    {
      "name": "BARC_SPC_GROUP_CLASS3",
      "sharedparameter": true,
      "isinstance": true,
      "parametertype": "Text",
      "categories": [
        "Walls",
        "<Space Separation>"
      ]
    },
    {
      "name": "BARC_SPC_GROUP_CLASS2",
      "sharedparameter": true,
      "isinstance": false,
      "parametertype": "Text",
      "categories": [
        "Spaces"
      ]
    },
    {
      "name": "xxx",
      "sharedparameter": true,
      "isinstance": false,
      "parametertype": "HVACPower",
      "categories": [
        "Walls"
      ]
    }
  ]
}
