﻿{
  "ParameterRequirements": [
    {
      "name": [
        "MEP_CSV_RAD_USER_DEFINITION",
        "MEP_CSV_FCU_USER_DEFINITION",
        "MEP_CSV_CABLETRAY_DEFINITION"
      ],
      "sharedparameter": true,
      "isinstance": true,
      "parametertype": "MultilineText",
      "categories": [
        "Project Information"
      ]
    },
    {
      "name": [
        "Project Region"
      ],
      "sharedparameter": true,
      "isinstance": true,
      "parametertype": "Text",
      "categories": [
        "Project Information"
      ]
    },
    {
      "name": [
        "Permanent Operation",
        "Require Insulation",
        "Inside protected volume"
      ],
      "sharedparameter": true,
      "isinstance": true,
      "parametertype": "YesNo",
      "categories": [
        "Pipes",
        "Pipe Fittings",
        "Ducts",
        "Duct Fittings"
      ]
    },
    {
      "name": [
        "Insulation Material",
        "Insulation Class"
      ],
      "sharedparameter": true,
      "isinstance": true,
      "parametertype": "Text",
      "categories": [
        "Pipes",
        "Pipe Fittings",
        "Ducts",
        "Duct Fittings"
      ]
    },
    {
      "name": [
        "Flow Temperature"
      ],
      "sharedparameter": true,
      "isinstance": true,
      "parametertype": "Number",
      "categories": [
        "Pipes",
        "Pipe Fittings",
        "Ducts",
        "Duct Fittings"
      ]
    },

    {
      "name": [
        "TaggableDiameter"
      ],
      "sharedparameter": true,
      "isinstance": true,
      "parametertype": "Length",
      "categories": [
        "Pipes",
        "Pipe Fittings",
        "Ducts",
        "Duct Fittings"
      ]
    },

    {
      "name": [
        "ERGO",
        "BOY_SubCode",
        "LegendNL",
        "LegendFR"
      ],
      "sharedparameter": true,
      "isinstance": false,
      "parametertype": "Text",
      "categories": [
        "Air Terminals",
        "Cable Tray Fittings",
        "Sprinklers",
        "Security Devices",
        "Plumbing Fixtures",
        "Pipe Fittings",
        "Pipe Accessories",
        "Nurse Call Devices",
        "Mechanical Equipment",
        "Lighting Fixtures",
        "Lighting Devices",
        "Generic Models",
        "Furniture Systems",
        "Fire Alarm Devices",
        "Electrical Fixtures",
        "Electrical Equipment",
        "Duct Fittings",
        "Duct Accessories",
        "Data Devices",
        "Conduit Fittings",
        "Communication Devices"
      ]
    },

    {
      "name": [
        "MEP_SPACE_IsSpace",
        "MEP_SPACE_HEATING_USE_CCATOPCORRECTION",
        "MEP_SPACE_COOLING_USE_CCATOPCORRECTION",
        "MEP_SPACE_HEATING_USE_CCABOTCORRECTION",
        "MEP_SPACE_COOLING_USE_CCABOTCORRECTION"
      ],
      "sharedparameter": true,
      "isinstance": true,
      "parametertype": "YesNo",
      "categories": [
        "Generic Models"
      ]
    },
    {
      "name": [
        "MEP_SPACE_GUID",
        "MEP_SPACE_LOCATION",
        "MEP_SPACE_LINKEDRADIATOR",
        "MEP_SPACE_LINKEDFLOORHEATING",
        "MEP_SPACE_LINKEDCHILLCEILING",
        "MEP_SPACE_LINKEDTABTOP",
        "MEP_SPACE_LINKEDTABBOT",
        "MEP_SPACE_LINKEDFCU",
        "MEP_SPACE_ASSIGNED_AHU",
        "MEP_SPACE_ASSIGNED_SPAHUADDITION",
        "MEP_SPACE_ASSIGNED_RTAHUADDITION",
        "MEP_SPACE_ASSIGNED_HEATINGCOIL",
        "MEP_SPACE_ASSIGNED_COOLINGCOIL"
      ],
      "sharedparameter": true,
      "isinstance": true,
      "parametertype": "Text",
      "categories": [
        "Generic Models"
      ]
    },
    {
      "name": [
        "MEP_SPACE_GROUP_CLASS0",
        "MEP_SPACE_GROUP_CLASS1",
        "MEP_SPACE_GROUP_CLASS2",
        "MEP_SPACE_GROUP_CLASS3",
        "MEP_SPACE_GROUP_CLASS4",
        "MEP_SPACE_GROUP_CLASS5",
        "MEP_SPACE_GROUP_CLASS6",
        "MEP_SPACE_GROUP_CLASS7",
        "MEP_SPACE_GROUP_CLASS8",
        "MEP_SPACE_GROUP_CLASS9",
        "MEP_SPACE_NUMBER",
        "MEP_SPACE_NAME",
        "MEP_SPACE_KEY",
        "MEP_SPACE_CATEGORY"
      ],
      "sharedparameter": true,
      "isinstance": true,
      "parametertype": "Text",
      "categories": [
        "Generic Models",
        "Mechanical Equipment",
        "Detail Items"
      ]
    },
    {
      "name": [
        "MEP_SPACE_SETPOINT_HEATING",
        "MEP_SPACE_SETPOINT_COOLING"
      ],
      "sharedparameter": true,
      "isinstance": true,
      "parametertype": "HVACTemperature",
      "categories": [
        "Generic Models",
        "Mechanical Equipment",
        "Detail Items"
      ]
    },
    {
      "name": [
        "MEP_RAD_HWSUPPLY_TEMPERATURE",
        "MEP_RAD_HWRETURN_TEMPERATURE",
        "MEP_RAD_ROOM_TEMPERATURE",
        "MEP_FCU_HWSUPPLY_TEMPERATURE",
        "MEP_FCU_HWRETURN_TEMPERATURE",
        "MEP_FCU_CWSUPPLY_TEMPERATURE",
        "MEP_FCU_CWRETURN_TEMPERATURE",
        "MEP_FCU_CAT_HTG_SETPOINT",
        "MEP_FCU_CAT_CLG_SETPOINT"
      ],
      "sharedparameter": true,
      "isinstance": true,
      "parametertype": "HVACTemperature",
      "categories": [
        "Mechanical Equipment"
      ]
    },
    {
      "name": [
        "MEP_SPACE_VENT_AHU_HTGTEMPERATURE",
        "MEP_SPACE_VENT_AHU_CLGTEMPERATURE",
        "MEP_SPACE_VENT_HTGVENT_TEMPERATURE",
        "MEP_SPACE_VENT_CLGVENT_TEMPERATURE",
        "MEP_SPACE_VENT_HTGCOIL_TEMPERATURE",
        "MEP_SPACE_VENT_CLGCOIL_TEMPERATURE"
      ],
      "sharedparameter": true,
      "isinstance": true,
      "parametertype": "HVACTemperature",
      "categories": [
        "Generic Models"
      ]
    },
    {
      "name": [
        "MEP_SPACE_VENT_SUPPLY_DESIGN",
        "MEP_SPACE_VENT_RETURN_DESIGN",
        "MEP_SPACE_VENT_SUPPLY_ADDITION",
        "MEP_SPACE_VENT_RETURN_ADDITION"
      ],
      "sharedparameter": true,
      "isinstance": true,
      "parametertype": "HVACAirflow",
      "categories": [
        "Generic Models"
      ]
    },
    {
      "name": [
        "MEP_SPACE_OCCUPANCY"
      ],
      "sharedparameter": true,
      "isinstance": true,
      "parametertype": "Integer",
      "categories": [
        "Generic Models"
      ]
    },
    {
      "name": [
        "MEP_SPACE_HEATING_LOAD",
        "MEP_SPACE_HEATING_TOCOVER",
        "MEP_SPACE_HEATING_COVERED"
      ],
      "sharedparameter": true,
      "isinstance": true,
      "parametertype": "HVACHeatingLoad",
      "categories": [
        "Generic Models",
        "Mechanical Equipment",
        "Detail Items"
      ]
    },
    {
      "name": [
        "MEP_SPACE_HEATING_LOADDENSITY",
        "MEP_SPACE_HEATING_TOCOVERDENSITY"
      ],
      "sharedparameter": true,
      "isinstance": true,
      "parametertype": "HVACHeatingLoadDividedByArea",
      "categories": [
        "Generic Models",
        "Mechanical Equipment",
        "Detail Items"
      ]
    },
    {
      "name": [
        "MEP_SPACE_COOLING_LOAD",
        "MEP_SPACE_COOLING_TOCOVER",
        "MEP_SPACE_COOLING_COVERED"
      ],
      "sharedparameter": true,
      "isinstance": true,
      "parametertype": "HVACCoolingLoad",
      "categories": [
        "Generic Models",
        "Mechanical Equipment",
        "Detail Items"
      ]
    },
    {
      "name": [
        "MEP_SPACE_COOLING_LOADDENSITY",
        "MEP_SPACE_COOLING_TOCOVERDENSITY"
      ],
      "sharedparameter": true,
      "isinstance": true,
      "parametertype": "HVACCoolingLoadDividedByArea",
      "categories": [
        "Generic Models",
        "Mechanical Equipment",
        "Detail Items"
      ]
    },
    {
      "name": [
        "MEP_SPACE_HEATING_CCATOPCORRECTION",
        "MEP_SPACE_HEATING_CCABOTCORRECTION",
        "MEP_SPACE_HEATING_RADIATOR",
        "MEP_SPACE_HEATING_CCATOP",
        "MEP_SPACE_HEATING_CCABOT",
        "MEP_SPACE_HEATING_ACTVCEILING",
        "MEP_SPACE_HEATING_FLRHEATING",
        "MEP_SPACE_HEATING_FCU",
        "MEP_SPACE_HEATING_AHU",
        "MEP_SPACE_HEATING_COIL",

        "MEP_SPACE_COOLING_CCATOPCORRECTION",
        "MEP_SPACE_COOLING_CCABOTCORRECTION",
        "MEP_SPACE_COOLING_RADIATOR",
        "MEP_SPACE_COOLING_CCATOP",
        "MEP_SPACE_COOLING_CCABOT",
        "MEP_SPACE_COOLING_ACTVCEILING",
        "MEP_SPACE_COOLING_FLRHEATING",
        "MEP_SPACE_COOLING_FCU",
        "MEP_SPACE_COOLING_AHU",
        "MEP_SPACE_COOLING_COIL"
      ],
      "sharedparameter": true,
      "isinstance": true,
      "parametertype": "HVACPower",
      "categories": [
        "Generic Models",
        "Mechanical Equipment",
        "Detail Items"
      ]
    },
    {
      "name": [
        "MEP_SPACE_HEATING_RADIATORDENSITY",
        "MEP_SPACE_HEATING_CCATOPDENSITY",
        "MEP_SPACE_HEATING_CCABOTDENSITY",
        "MEP_SPACE_HEATING_ACTVCEILINGDENSITY",
        "MEP_SPACE_HEATING_FLRHEATINGDENSITY",
        "MEP_SPACE_HEATING_FCUDENSITY",
        "MEP_SPACE_HEATING_AHUDENSITY",

        "MEP_SPACE_COOLING_RADIATORDENSITY",
        "MEP_SPACE_COOLING_CCATOPDENSITY",
        "MEP_SPACE_COOLING_CCABOTDENSITY",
        "MEP_SPACE_COOLING_ACTVCEILINGDENSITY",
        "MEP_SPACE_COOLING_FLRHEATINGDENSITY",
        "MEP_SPACE_COOLING_FCUDENSITY",
        "MEP_SPACE_COOLING_AHUDENSITY"
      ],
      "sharedparameter": true,
      "isinstance": true,
      "parametertype": "HVACPowerDensity",
      "categories": [
        "Generic Models",
        "Mechanical Equipment",
        "Detail Items"
      ]
    },
    {
      "name": [
        "MEP_SPACE_HEATING_CCATOPFACTOR",
        "MEP_SPACE_HEATING_CCABOTFACTOR",
        "MEP_SPACE_HEATING_ACTVCEILINGFACTOR",
        "MEP_SPACE_HEATING_FLRHEATINGFACTOR",

        "MEP_SPACE_COOLING_CCATOPFACTOR",
        "MEP_SPACE_COOLING_CCABOTFACTOR",
        "MEP_SPACE_COOLING_ACTVCEILINGFACTOR",
        "MEP_SPACE_COOLING_FLRHEATINGFACTOR",

        "MEP_SPACE_HEATING_COVEREDPERCENTAGE",
        "MEP_SPACE_COOLING_COVEREDPERCENTAGE"
      ],
      "sharedparameter": true,
      "isinstance": true,
      "parametertype": "Number",
      "categories": [
        "Generic Models",
        "Detail Items"
      ]
    },
    {
      "name": [
        "MEP_SPACE_AREA"
      ],
      "sharedparameter": true,
      "isinstance": true,
      "parametertype": "Area",
      "categories": [
        "Generic Models"
      ]
    },
    {
      "name": [
        "MEP_SPACE_VOLUME"
      ],
      "sharedparameter": true,
      "isinstance": true,
      "parametertype": "Volume",
      "categories": [
        "Generic Models"
      ]
    },
    {
      "name": [
        "MEP_MEQUIP_INDEX"
      ],
      "sharedparameter": true,
      "isinstance": true,
      "parametertype": "Integer",
      "categories": [
        "Mechanical Equipment",
        "Detail Items"
      ]
    },
    {
      "name": [
        "MEP_FLH_ISFLHTYPE",
        "MEP_CC_ISCCTYPE",
        "MEP_TAB_ISTABTOPTYPE",
        "MEP_TAB_ISTABBOTTYPE"
      ],
      "sharedparameter": true,
      "isinstance": false,
      "parametertype": "YesNo",
      "categories": [
        "Detail Items"
      ]
    },
    {
      "name": [
        "MEP_EQ_GUID",
        "MEP_EQ_LINKEDSPACE"
      ],
      "sharedparameter": true,
      "isinstance": true,
      "parametertype": "Text",
      "categories": [
        "Mechanical Equipment",
        "Detail Items"
      ]
    },
    {
      "name": [
        "MEP_EQ_BADEQUIP",
        "MEP_EQ_CUSTOMIZED"
      ],
      "sharedparameter": true,
      "isinstance": true,
      "parametertype": "YesNo",
      "categories": [
        "Mechanical Equipment",
        "Detail Items"
      ]
    },
    {
      "name": [
        "MEP_RAD_IsRadiator",
        "MEP_FCU_IsFCU"
      ],
      "sharedparameter": true,
      "isinstance": true,
      "parametertype": "YesNo",
      "categories": [
        "Mechanical Equipment"
      ]
    },
    {
      "name": [
        "MEP_FLH_IsFloorHeating",
        "MEP_CC_IsChillCeiling",
        "MEP_TAB_IsTABTop",
        "MEP_TAB_IsTABBot"
      ],
      "sharedparameter": true,
      "isinstance": true,
      "parametertype": "YesNo",
      "categories": [
        "Detail Items"
      ]
    },
    {
      "name": [
        "MEP_FCU_NUMBER",
        "MEP_FCU_NAME",
        "MEP_FCU_CATNAME",

        "MEP_RAD_NUMBER",
        "MEP_RAD_NAME",
        "MEP_RAD_TYPE",
        "MEP_RAD_SUBTYPE"
      ],
      "sharedparameter": true,
      "isinstance": true,
      "parametertype": "Text",
      "categories": [
        "Mechanical Equipment"
      ]
    },
    {
      "name": [
        "MEP_FCU_NOISE",
        "MEP_FCU_CAT_RH",
        "MEP_RAD_nFACTOR"
      ],
      "sharedparameter": true,
      "isinstance": true,
      "parametertype": "Number",
      "categories": [
        "Mechanical Equipment"
      ]
    },
    {
      "name": [
        "MEP_PANEL_AREA"
      ],
      "sharedparameter": true,
      "isinstance": true,
      "parametertype": "Area",
      "categories": [
        "Detail Items"
      ]
    },
    {
      "name": [
        "MEP_FCU_HEATING_POWER",
        "MEP_FCU_COOLING_POWER",
        "MEP_FCU_COOLING_SENPOWER",
        "MEP_FCU_COOLING_LATPOWER",

        "MEP_RAD_HEATING_POWER",
        "MEP_RAD_HEATING_POWER_EN442",

        "MEP_RAD_COOLING_POWER",
        "MEP_RAD_COOLING_POWER_EN442"
      ],
      "sharedparameter": true,
      "isinstance": true,
      "parametertype": "HVACPower",
      "categories": [
        "Mechanical Equipment"
      ]
    },
    {
      "name": [
        "MEP_FCU_WIDTH",
        "MEP_FCU_LENGTH",
        "MEP_FCU_HEIGHT",
        "MEP_RAD_WIDTH",
        "MEP_RAD_HEIGHT",
        "MEP_RAD_DEPTH"
      ],
      "sharedparameter": true,
      "isinstance": true,
      "parametertype": "Length",
      "categories": [
        "Mechanical Equipment"
      ]
    },
    {
      "name": [
        "MEP_PANEL_NUMBER",
        "MEP_PANEL_NAME",
        "MEP_PANEL_COLLECTORID",
        "MEP_PANEL_COLLECTOR"
      ],
      "sharedparameter": true,
      "isinstance": true,
      "parametertype": "Text",
      "categories": [
        "Detail Items"
      ]
    },
    {
      "name": [
        "MEP_PANEL_HEATING_POWER",
        "MEP_PANEL_COOLING_POWER"
      ],
      "sharedparameter": true,
      "isinstance": true,
      "parametertype": "HVACPower",
      "categories": [
        "Detail Items"
      ]
    },
    {
      "name": [
        "MEP_PANEL_HEATING_POWERDENSITY",
        "MEP_PANEL_COOLING_POWERDENSITY"
      ],
      "sharedparameter": true,
      "isinstance": true,
      "parametertype": "HVACPowerDensity",
      "categories": [
        "Detail Items"
      ]
    },
    {
      "name": [
        "MEP_SPELEMENT_TODELETE"
      ],
      "sharedparameter": true,
      "isinstance": true,
      "parametertype": "YesNo",
      "categories": [
        "Detail Items",
        "Generic Models"
      ]
    },

    {
      "name": [
        "Device Type"
      ],
      "sharedparameter": true,
      "isinstance": false,
      "parametertype": "Integer",
      "categories": [
        "Data Devices",
        "Fire Alarm Devices",
        "Lighting Devices"
      ]
    },

    {
      "name": [
        "MEP_SENSOR_LINKED_1",
        "MEP_SENSOR_LINKED_2",
        "MEP_SENSOR_LINKED_3"
      ],
      "sharedparameter": true,
      "isinstance": true,
      "parametertype": "Integer",
      "categories": [
        "Data Devices",
        "Fire Alarm Devices",
        "Lighting Devices"
      ]
    },
    {
      "name": [
        "MEP_SENSOR_RADIUS_1",
        "MEP_SENSOR_RADIUS_2",
        "MEP_SENSOR_RADIUS_3"
      ],
      "sharedparameter": true,
      "isinstance": false,
      "parametertype": "Length",
      "categories": [
        "Data Devices",
        "Fire Alarm Devices",
        "Lighting Devices"
      ]
    }
  ],
  "LineStyleRequirements": [
    {
      "name": "BOY_Frontal Zone_Motion Detector",
      "color": "255, 0, 255",
      "pattern": "Dash"
    },
    {
      "name": "BOY_Diagonally Zone_ Motion Detector",
      "color": "0, 255, 0",
      "pattern": "Dash"
    },
    {
      "name": "BOY_Presence Area_Presence Detector",
      "color": "255, 0, 0",
      "pattern": "Dash"
    },
    {
      "name": "BOY_Wifi Cover Range",
      "color": "255, 127, 0",
      "pattern": "Dash dot"
    },
    {
      "name": "BOY_Fire Alarm Protection Range",
      "color": "0, 0, 255",
      "pattern": "Dash"
    }
  ],
  "SomeFutureConfigurationSetHere": "future configuration settings"
}
